Statement	Consistent	subject_http://dbpedia.org/ontology/OfficeHolder	subject_http://dbpedia.org/ontology/Person	subject_http://dbpedia.org/ontology/Agent	http://dbpedia.org/ontology/termPeriod_http://dbpedia.org/ontology/TimePeriod	subject_http://dbpedia.org/ontology/Country	subject_http://dbpedia.org/ontology/PopulatedPlace	subject_http://dbpedia.org/ontology/Wikidata:Q532	subject_http://dbpedia.org/ontology/Place	http://dbpedia.org/ontology/language_http://dbpedia.org/ontology/Language	subject_http://dbpedia.org/ontology/Writer	subject_http://dbpedia.org/ontology/Artist	http://dbpedia.org/ontology/influenced_http://dbpedia.org/ontology/Writer	http://dbpedia.org/ontology/influenced_http://dbpedia.org/ontology/Artist	http://dbpedia.org/ontology/influenced_http://dbpedia.org/ontology/Person	http://dbpedia.org/ontology/influenced_http://dbpedia.org/ontology/Agent	http://dbpedia.org/ontology/birthPlace_http://dbpedia.org/ontology/Country	http://dbpedia.org/ontology/birthPlace_http://dbpedia.org/ontology/PopulatedPlace	http://dbpedia.org/ontology/birthPlace_http://dbpedia.org/ontology/Wikidata:Q532	http://dbpedia.org/ontology/birthPlace_http://dbpedia.org/ontology/Place	subject_http://dbpedia.org/ontology/Plant	subject_http://dbpedia.org/ontology/Eukaryote	subject_http://dbpedia.org/ontology/Species	subject_http://dbpedia.org/ontology/Philosopher	http://dbpedia.org/ontology/influenced_http://dbpedia.org/ontology/Philosopher	subject_http://dbpedia.org/ontology/Medician	subject_http://dbpedia.org/ontology/Scientist	http://dbpedia.org/ontology/institution_http://dbpedia.org/ontology/University	http://dbpedia.org/ontology/institution_http://dbpedia.org/ontology/EducationalInstitution	http://dbpedia.org/ontology/institution_http://dbpedia.org/ontology/Organisation	http://dbpedia.org/ontology/institution_http://dbpedia.org/ontology/Agent	http://dbpedia.org/ontology/notableWork_http://dbpedia.org/ontology/Book	http://dbpedia.org/ontology/notableWork_http://dbpedia.org/ontology/WrittenWork	http://dbpedia.org/ontology/notableWork_http://dbpedia.org/ontology/Work	subject_http://dbpedia.org/ontology/Saint	subject_http://dbpedia.org/ontology/Cleric	http://dbpedia.org/ontology/governingBody_http://dbpedia.org/ontology/Company	http://dbpedia.org/ontology/governingBody_http://dbpedia.org/ontology/Organisation	http://dbpedia.org/ontology/governingBody_http://dbpedia.org/ontology/Agent	subject_http://dbpedia.org/ontology/Monarch	subject_http://dbpedia.org/ontology/BritishRoyalty	subject_http://dbpedia.org/ontology/Royalty	http://dbpedia.org/ontology/successor_http://dbpedia.org/ontology/BritishRoyalty	http://dbpedia.org/ontology/successor_http://dbpedia.org/ontology/Royalty	http://dbpedia.org/ontology/successor_http://dbpedia.org/ontology/Person	http://dbpedia.org/ontology/successor_http://dbpedia.org/ontology/Agent	http://dbpedia.org/ontology/deathPlace_http://dbpedia.org/ontology/City	http://dbpedia.org/ontology/deathPlace_http://dbpedia.org/ontology/Settlement	http://dbpedia.org/ontology/deathPlace_http://dbpedia.org/ontology/PopulatedPlace	http://dbpedia.org/ontology/deathPlace_http://dbpedia.org/ontology/Wikidata:Q532	http://dbpedia.org/ontology/deathPlace_http://dbpedia.org/ontology/Place	http://dbpedia.org/ontology/spouse_http://dbpedia.org/ontology/BritishRoyalty	http://dbpedia.org/ontology/spouse_http://dbpedia.org/ontology/Royalty	http://dbpedia.org/ontology/spouse_http://dbpedia.org/ontology/Person	http://dbpedia.org/ontology/spouse_http://dbpedia.org/ontology/Agent	http://dbpedia.org/ontology/birthPlace_http://dbpedia.org/ontology/Settlement	subject_http://dbpedia.org/ontology/Company	subject_http://dbpedia.org/ontology/Organisation	http://dbpedia.org/ontology/doctoralStudent_http://dbpedia.org/ontology/Scientist	http://dbpedia.org/ontology/doctoralStudent_http://dbpedia.org/ontology/Person	http://dbpedia.org/ontology/doctoralStudent_http://dbpedia.org/ontology/Agent	subject_http://dbpedia.org/ontology/ArtificialSatellite	subject_http://dbpedia.org/ontology/Satellite	http://dbpedia.org/ontology/launchPad_http://dbpedia.org/ontology/LaunchPad	http://dbpedia.org/ontology/launchPad_http://dbpedia.org/ontology/Infrastructure	http://dbpedia.org/ontology/launchPad_http://dbpedia.org/ontology/ArchitecturalStructure	http://dbpedia.org/ontology/launchPad_http://dbpedia.org/ontology/Place	http://dbpedia.org/ontology/launchPad_http://dbpedia.org/ontology/Wikidata:Q532	subject_http://dbpedia.org/ontology/SportsTeamMember	subject_http://dbpedia.org/ontology/OrganisationMember	http://dbpedia.org/ontology/team_http://dbpedia.org/ontology/SoccerClub	http://dbpedia.org/ontology/team_http://dbpedia.org/ontology/SportsTeam	http://dbpedia.org/ontology/team_http://dbpedia.org/ontology/Organisation	http://dbpedia.org/ontology/team_http://dbpedia.org/ontology/Agent	http://dbpedia.org/ontology/currentMember_http://dbpedia.org/ontology/SoccerPlayer	http://dbpedia.org/ontology/currentMember_http://dbpedia.org/ontology/Athlete	http://dbpedia.org/ontology/currentMember_http://dbpedia.org/ontology/Person	http://dbpedia.org/ontology/currentMember_http://dbpedia.org/ontology/Agent	http://dbpedia.org/ontology/successor_http://dbpedia.org/ontology/Monarch	subject_http://dbpedia.org/ontology/MusicalArtist	http://dbpedia.org/ontology/spokenIn_http://dbpedia.org/ontology/Country	http://dbpedia.org/ontology/spokenIn_http://dbpedia.org/ontology/PopulatedPlace	http://dbpedia.org/ontology/spokenIn_http://dbpedia.org/ontology/Wikidata:Q532	http://dbpedia.org/ontology/spokenIn_http://dbpedia.org/ontology/Place	subject_http://dbpedia.org/ontology/SoccerClub	subject_http://dbpedia.org/ontology/SportsTeam	http://dbpedia.org/ontology/ground_http://dbpedia.org/ontology/Settlement	http://dbpedia.org/ontology/ground_http://dbpedia.org/ontology/PopulatedPlace	http://dbpedia.org/ontology/ground_http://dbpedia.org/ontology/Wikidata:Q532	http://dbpedia.org/ontology/ground_http://dbpedia.org/ontology/Place	subject_http://dbpedia.org/ontology/Settlement	http://dbpedia.org/ontology/country_http://dbpedia.org/ontology/Country	http://dbpedia.org/ontology/country_http://dbpedia.org/ontology/PopulatedPlace	http://dbpedia.org/ontology/country_http://dbpedia.org/ontology/Wikidata:Q532	http://dbpedia.org/ontology/country_http://dbpedia.org/ontology/Place	http://dbpedia.org/ontology/foundedBy_http://dbpedia.org/ontology/Person	http://dbpedia.org/ontology/foundedBy_http://dbpedia.org/ontology/Agent	http://dbpedia.org/ontology/predecessor_http://dbpedia.org/ontology/Agent	http://dbpedia.org/ontology/predecessor_http://dbpedia.org/ontology/Person	http://dbpedia.org/ontology/placeOfBurial_http://dbpedia.org/ontology/City	http://dbpedia.org/ontology/placeOfBurial_http://dbpedia.org/ontology/Settlement	http://dbpedia.org/ontology/placeOfBurial_http://dbpedia.org/ontology/PopulatedPlace	http://dbpedia.org/ontology/placeOfBurial_http://dbpedia.org/ontology/Wikidata:Q532	http://dbpedia.org/ontology/placeOfBurial_http://dbpedia.org/ontology/Place	http://dbpedia.org/ontology/citizenship_http://dbpedia.org/ontology/Country	http://dbpedia.org/ontology/citizenship_http://dbpedia.org/ontology/PopulatedPlace	http://dbpedia.org/ontology/citizenship_http://dbpedia.org/ontology/Wikidata:Q532	http://dbpedia.org/ontology/citizenship_http://dbpedia.org/ontology/Place	http://dbpedia.org/ontology/occupation_http://dbpedia.org/ontology/PersonFunction	subject_http://dbpedia.org/ontology/Weapon	subject_http://dbpedia.org/ontology/Device	http://dbpedia.org/ontology/deathPlace_http://dbpedia.org/ontology/Country	subject_http://dbpedia.org/ontology/City	subject_http://dbpedia.org/ontology/President	subject_http://dbpedia.org/ontology/Politician	http://dbpedia.org/ontology/spouse_http://dbpedia.org/ontology/OfficeHolder	http://dbpedia.org/ontology/recordLabel_http://dbpedia.org/ontology/RecordLabel	http://dbpedia.org/ontology/recordLabel_http://dbpedia.org/ontology/Company	http://dbpedia.org/ontology/recordLabel_http://dbpedia.org/ontology/Organisation	http://dbpedia.org/ontology/recordLabel_http://dbpedia.org/ontology/Agent	subject_http://dbpedia.org/ontology/TelevisionShow	subject_http://dbpedia.org/ontology/Work	subject_http://dbpedia.org/ontology/Band	http://dbpedia.org/ontology/associatedMusicalArtist_http://dbpedia.org/ontology/Band	http://dbpedia.org/ontology/associatedMusicalArtist_http://dbpedia.org/ontology/Organisation	http://dbpedia.org/ontology/associatedMusicalArtist_http://dbpedia.org/ontology/Agent	http://dbpedia.org/ontology/successor_http://dbpedia.org/ontology/OfficeHolder	http://dbpedia.org/ontology/doctoralAdvisor_http://dbpedia.org/ontology/Scientist	http://dbpedia.org/ontology/doctoralAdvisor_http://dbpedia.org/ontology/Person	http://dbpedia.org/ontology/doctoralAdvisor_http://dbpedia.org/ontology/Agent	subject_http://dbpedia.org/ontology/Colour	subject_http://dbpedia.org/ontology/Book	subject_http://dbpedia.org/ontology/WrittenWork	http://dbpedia.org/ontology/publisher_http://dbpedia.org/ontology/Publisher	http://dbpedia.org/ontology/publisher_http://dbpedia.org/ontology/Company	http://dbpedia.org/ontology/publisher_http://dbpedia.org/ontology/Organisation	http://dbpedia.org/ontology/publisher_http://dbpedia.org/ontology/Agent	subject_http://dbpedia.org/ontology/Aircraft	subject_http://dbpedia.org/ontology/MeanOfTransportation	subject_http://dbpedia.org/ontology/Newspaper	subject_http://dbpedia.org/ontology/PeriodicalLiterature	subject_http://dbpedia.org/ontology/PoliticalParty	http://dbpedia.org/ontology/headquarter_http://dbpedia.org/ontology/Settlement	http://dbpedia.org/ontology/headquarter_http://dbpedia.org/ontology/PopulatedPlace	http://dbpedia.org/ontology/headquarter_http://dbpedia.org/ontology/Wikidata:Q532	http://dbpedia.org/ontology/headquarter_http://dbpedia.org/ontology/Place	http://dbpedia.org/ontology/associatedBand_http://dbpedia.org/ontology/Band	http://dbpedia.org/ontology/associatedBand_http://dbpedia.org/ontology/Organisation	http://dbpedia.org/ontology/associatedBand_http://dbpedia.org/ontology/Agent	subject_http://dbpedia.org/ontology/Mammal	subject_http://dbpedia.org/ontology/Animal	http://dbpedia.org/ontology/genre_http://dbpedia.org/ontology/MusicGenre	http://dbpedia.org/ontology/genre_http://dbpedia.org/ontology/Genre	http://dbpedia.org/ontology/genre_http://dbpedia.org/ontology/TopicalConcept	http://dbpedia.org/ontology/routeJunction_http://dbpedia.org/ontology/City	http://dbpedia.org/ontology/routeJunction_http://dbpedia.org/ontology/Settlement	http://dbpedia.org/ontology/routeJunction_http://dbpedia.org/ontology/PopulatedPlace	http://dbpedia.org/ontology/routeJunction_http://dbpedia.org/ontology/Wikidata:Q532	http://dbpedia.org/ontology/routeJunction_http://dbpedia.org/ontology/Place	http://dbpedia.org/ontology/birthPlace_http://dbpedia.org/ontology/City	http://dbpedia.org/ontology/influencedBy_http://dbpedia.org/ontology/Philosopher	http://dbpedia.org/ontology/influencedBy_http://dbpedia.org/ontology/Person	http://dbpedia.org/ontology/influencedBy_http://dbpedia.org/ontology/Agent	subject_http://dbpedia.org/ontology/Bacteria	http://dbpedia.org/ontology/division_http://dbpedia.org/ontology/Bacteria	http://dbpedia.org/ontology/division_http://dbpedia.org/ontology/Species	subject_http://dbpedia.org/ontology/MilitaryConflict	subject_http://dbpedia.org/ontology/SocietalEvent	subject_http://dbpedia.org/ontology/Event	http://dbpedia.org/ontology/commander_http://dbpedia.org/ontology/MilitaryPerson	http://dbpedia.org/ontology/commander_http://dbpedia.org/ontology/Person	http://dbpedia.org/ontology/commander_http://dbpedia.org/ontology/Agent	http://dbpedia.org/ontology/deathPlace_http://dbpedia.org/ontology/AdministrativeRegion	http://dbpedia.org/ontology/deathPlace_http://dbpedia.org/ontology/Region	subject_http://dbpedia.org/ontology/Fish	subject_http://dbpedia.org/ontology/Film	subject_http://dbpedia.org/ontology/Wikidata:Q11424	http://dbpedia.org/ontology/director_http://dbpedia.org/ontology/Person	http://dbpedia.org/ontology/director_http://dbpedia.org/ontology/Agent	http://dbpedia.org/ontology/leaderName_http://dbpedia.org/ontology/OfficeHolder	http://dbpedia.org/ontology/leaderName_http://dbpedia.org/ontology/Person	http://dbpedia.org/ontology/leaderName_http://dbpedia.org/ontology/Agent	subject_http://dbpedia.org/ontology/Holiday	http://dbpedia.org/ontology/country_http://dbpedia.org/ontology/EthnicGroup	http://dbpedia.org/ontology/isPartOf_http://dbpedia.org/ontology/AdministrativeRegion	http://dbpedia.org/ontology/isPartOf_http://dbpedia.org/ontology/Region	http://dbpedia.org/ontology/isPartOf_http://dbpedia.org/ontology/PopulatedPlace	http://dbpedia.org/ontology/isPartOf_http://dbpedia.org/ontology/Wikidata:Q532	http://dbpedia.org/ontology/isPartOf_http://dbpedia.org/ontology/Place	subject_http://dbpedia.org/ontology/University	subject_http://dbpedia.org/ontology/EducationalInstitution	http://dbpedia.org/ontology/chairman_http://dbpedia.org/ontology/Person	http://dbpedia.org/ontology/chairman_http://dbpedia.org/ontology/Agent	http://dbpedia.org/ontology/restingPlace_http://dbpedia.org/ontology/ReligiousBuilding	http://dbpedia.org/ontology/restingPlace_http://dbpedia.org/ontology/Building	http://dbpedia.org/ontology/restingPlace_http://dbpedia.org/ontology/ArchitecturalStructure	http://dbpedia.org/ontology/restingPlace_http://dbpedia.org/ontology/Place	http://dbpedia.org/ontology/restingPlace_http://dbpedia.org/ontology/Wikidata:Q532	subject_http://dbpedia.org/ontology/Amphibian	http://dbpedia.org/ontology/kingdom_http://dbpedia.org/ontology/Animal	http://dbpedia.org/ontology/kingdom_http://dbpedia.org/ontology/Eukaryote	http://dbpedia.org/ontology/kingdom_http://dbpedia.org/ontology/Species	http://dbpedia.org/ontology/nationality_http://dbpedia.org/ontology/Country	http://dbpedia.org/ontology/nationality_http://dbpedia.org/ontology/PopulatedPlace	http://dbpedia.org/ontology/nationality_http://dbpedia.org/ontology/Wikidata:Q532	http://dbpedia.org/ontology/nationality_http://dbpedia.org/ontology/Place	http://dbpedia.org/ontology/commander_http://dbpedia.org/ontology/OfficeHolder	http://dbpedia.org/ontology/child_http://dbpedia.org/ontology/MilitaryPerson	http://dbpedia.org/ontology/child_http://dbpedia.org/ontology/Person	http://dbpedia.org/ontology/child_http://dbpedia.org/ontology/Agent	http://dbpedia.org/ontology/parent_http://dbpedia.org/ontology/BritishRoyalty	http://dbpedia.org/ontology/parent_http://dbpedia.org/ontology/Royalty	http://dbpedia.org/ontology/parent_http://dbpedia.org/ontology/Person	http://dbpedia.org/ontology/parent_http://dbpedia.org/ontology/Agent	subject_http://dbpedia.org/ontology/Insect	subject_http://dbpedia.org/ontology/Manga	subject_http://dbpedia.org/ontology/Comics
"<http://dbpedia.org/resource/Abraham_Lincoln> <http://dbpedia.org/ontology/termPeriod> <http://dbpedia.org/resource/Abraham_Lincoln__1> ."	true	1	1	1	1
"<http://dbpedia.org/resource/Algeria> <http://dbpedia.org/ontology/language> <http://dbpedia.org/resource/Arabic_language> ."	true	0	0	0	0	1	1	1	1	1
"<http://dbpedia.org/resource/Aldous_Huxley> <http://dbpedia.org/ontology/influenced> <http://dbpedia.org/resource/George_Orwell> ."	true	0	1	1	0	0	0	0	0	0	1	1	1	1	1	1
"<http://dbpedia.org/resource/A._A._Milne> <http://dbpedia.org/ontology/birthPlace> <http://dbpedia.org/resource/England> ."	true	0	1	1	0	0	0	0	0	0	1	1	0	0	0	0	1	1	1	1
"<http://dbpedia.org/resource/Apiaceae> <http://dbpedia.org/ontology/order> <http://dbpedia.org/resource/Asterids> ."	false	0	0	0	0	0	0	0	0	0	0	0	0	0	0	0	0	0	0	0	1	1	1
"<http://dbpedia.org/resource/Albert_Camus> <http://dbpedia.org/ontology/influenced> <http://dbpedia.org/resource/Jean-Paul_Sartre> ."	true	0	1	1	0	0	0	0	0	0	0	0	0	0	1	1	0	0	0	0	0	0	0	1	1
"<http://dbpedia.org/resource/Allen_Ginsberg> <http://dbpedia.org/ontology/influenced> <http://dbpedia.org/resource/Hunter_S._Thompson> ."	true	0	1	1	0	0	0	0	0	0	1	1	1	1	1	1	0	0	0	0	0	0	0	0	0
"<http://dbpedia.org/resource/Alexis_Carrel> <http://dbpedia.org/ontology/institution> <http://dbpedia.org/resource/Rockefeller_University> ."	true	0	1	1	0	0	0	0	0	0	0	0	0	0	0	0	0	0	0	0	0	0	0	0	0	1	1	1	1	1	1
"<http://dbpedia.org/resource/Alan_Garner> <http://dbpedia.org/ontology/notableWork> <http://dbpedia.org/resource/Elidor> ."	true	0	1	1	0	0	0	0	0	0	1	1	0	0	0	0	0	0	0	0	0	0	0	0	0	0	0	0	0	0	0	1	1	1
"<http://dbpedia.org/resource/Andr%C3%A9-Marie_Amp%C3%A8re> <http://dbpedia.org/ontology/birthPlace> <http://dbpedia.org/resource/%C3%89glise_Saint-Nizier> ."	true	0	1	1	0	0	0	0	0	0	0	0	0	0	0	0	0	0	0	0	0	0	0	0	0	0	1	0	0	0	0	0	0	0
"<http://dbpedia.org/resource/Abraham__Abraham__1> <http://dbpedia.org/ontology/veneratedIn> <http://dbpedia.org/resource/Christianity> ."	true	0	1	1	0	0	0	0	0	0	0	0	0	0	0	0	0	0	0	0	0	0	0	0	0	0	0	0	0	0	0	0	0	0	1	1
"<http://dbpedia.org/resource/American_Stock_Exchange> <http://dbpedia.org/ontology/governingBody> <http://dbpedia.org/resource/NYSE_Euronext> ."	true	0	0	0	0	0	0	0	0	0	0	0	0	0	0	0	0	0	0	0	0	0	0	0	0	0	0	0	0	0	0	0	0	0	0	0	1	1	1
"<http://dbpedia.org/resource/Alaric_I> <http://dbpedia.org/ontology/predecessor> <http://dbpedia.org/resource/Athanaric> ."	true	0	1	1	0	0	0	0	0	0	0	0	0	0	0	0	0	0	0	0	0	0	0	0	0	0	0	0	0	0	0	0	0	0	0	0	0	0	0	1
"<http://dbpedia.org/resource/Alexander_III_of_Russia> <http://dbpedia.org/ontology/successor> <http://dbpedia.org/resource/Nicholas_II_of_Russia> ."	true	0	1	1	0	0	0	0	0	0	0	0	0	0	0	0	0	0	0	0	0	0	0	0	0	0	0	0	0	0	0	0	0	0	0	0	0	0	0	0	1	1	1	1	1	1
"<http://dbpedia.org/resource/Afonso_I_of_Portugal> <http://dbpedia.org/ontology/deathPlace> <http://dbpedia.org/resource/Coimbra> ."	true	0	1	1	0	0	0	0	0	0	0	0	0	0	0	0	0	0	0	0	0	0	0	0	0	0	0	0	0	0	0	0	0	0	0	0	0	0	0	0	1	1	0	0	0	0	1	1	1	1	1
"<http://dbpedia.org/resource/Alfonso_XII_of_Spain> <http://dbpedia.org/ontology/spouse> <http://dbpedia.org/resource/Mercedes_of_Orl%C3%A9ans> ."	true	0	1	1	0	0	0	0	0	0	0	0	0	0	0	0	0	0	0	0	0	0	0	0	0	0	0	0	0	0	0	0	0	0	0	0	0	0	0	0	1	1	0	0	0	0	0	0	0	0	0	1	1	1	1
"<http://dbpedia.org/resource/St._Ambrose_Traversari> <http://dbpedia.org/ontology/birthPlace> <http://dbpedia.org/resource/Province_of_Forl%C3%AC-Cesena> ."	true	0	1	1	0	0	0	0	0	0	0	0	0	0	0	0	0	1	1	1	0	0	0	0	0	0	0	0	0	0	0	0	0	0	1	1	0	0	0	0	0	0	0	0	0	0	0	0	0	0	0	0	0	0	0	1
"<http://dbpedia.org/resource/Amway> <http://dbpedia.org/ontology/industry> <http://dbpedia.org/resource/Direct_selling> ."	true	0	0	1	0	0	0	0	0	0	0	0	0	0	0	0	0	0	0	0	0	0	0	0	0	0	0	0	0	0	0	0	0	0	0	0	0	0	0	0	0	0	0	0	0	0	0	0	0	0	0	0	0	0	0	0	1	1
"<http://dbpedia.org/resource/Augustin-Louis_Cauchy> <http://dbpedia.org/ontology/doctoralStudent> <http://dbpedia.org/resource/Viktor_Bunyakovsky> ."	true	0	1	1	0	0	0	0	0	0	0	0	0	0	0	0	0	0	0	0	0	0	0	0	0	0	1	0	0	0	0	0	0	0	0	0	0	0	0	0	0	0	0	0	0	0	0	0	0	0	0	0	0	0	0	0	0	0	1	1	1
"<http://dbpedia.org/resource/Amalric_I_of_Jerusalem> <http://dbpedia.org/ontology/spouse> <http://dbpedia.org/resource/Agnes_of_Courtenay> ."	true	0	1	1	0	0	0	0	0	0	0	0	0	0	0	0	0	0	0	0	0	0	0	0	0	0	0	0	0	0	0	0	0	0	0	0	0	0	0	0	1	1	0	0	0	0	0	0	0	0	0	1	1	1	1	0	0	0	0	0	0
"<http://dbpedia.org/resource/Apollo_16> <http://dbpedia.org/ontology/launchPad> <http://dbpedia.org/resource/Kennedy_Space_Center_Launch_Complex_39> ."	true	0	0	0	0	0	0	0	0	0	0	0	0	0	0	0	0	0	0	0	0	0	0	0	0	0	0	0	0	0	0	0	0	0	0	0	0	0	0	0	0	0	0	0	0	0	0	0	0	0	0	0	0	0	0	0	0	0	0	0	0	1	1	1	1	1	1	1
"<http://dbpedia.org/resource/Atle_Selberg> <http://dbpedia.org/ontology/knownFor> <http://dbpedia.org/resource/Selberg_class> ."	true	0	1	1	0	0	0	0	0	0	0	0	0	0	0	0	0	0	0	0	0	0	0	0	0	0	1	0	0	0	0	0	0	0	0	0	0	0	0	0	0	0	0	0	0	0	0	0	0	0	0	0	0	0	0	0	0	0	0	0	0	0	0	0	0	0	0	0
"<http://dbpedia.org/resource/Aristide_Maillol> <http://dbpedia.org/ontology/training> <http://dbpedia.org/resource/%C3%89cole_des_Beaux-Arts> ."	true	0	1	1	0	0	0	0	0	0	0	1	0	0	0	0	0	0	0	0	0	0	0	0	0	0	0	0	0	0	0	0	0	0	0	0	0	0	0	0	0	0	0	0	0	0	0	0	0	0	0	0	0	0	0	0	0	0	0	0	0	0	0	0	0	0	0	0
"<http://dbpedia.org/resource/Arsenal_F.C.__Bacary_Sagna__1> <http://dbpedia.org/ontology/team> <http://dbpedia.org/resource/Arsenal_F.C.> ."	false	0	1	1	0	0	0	0	0	0	0	0	0	0	0	0	0	0	0	0	0	0	0	0	0	0	0	0	0	0	0	0	0	0	0	0	0	0	0	0	0	0	0	0	0	0	0	0	0	0	0	0	0	0	0	0	0	0	0	0	0	0	0	0	0	0	0	0	1	1	1	1	1	1
"<http://dbpedia.org/resource/Arsenal_F.C.__Nicklas_Bendtner__1> <http://dbpedia.org/ontology/currentMember> <http://dbpedia.org/resource/Nicklas_Bendtner> ."	false	0	1	1	0	0	0	0	0	0	0	0	0	0	0	0	0	0	0	0	0	0	0	0	0	0	0	0	0	0	0	0	0	0	0	0	0	0	0	0	0	0	0	0	0	0	0	0	0	0	0	0	0	0	0	0	0	0	0	0	0	0	0	0	0	0	0	0	1	1	0	0	0	0	1	1	1	1
"<http://dbpedia.org/resource/%C3%86lle_of_Sussex> <http://dbpedia.org/ontology/successor> <http://dbpedia.org/resource/Cissa_of_Sussex> ."	true	0	1	1	0	0	0	0	0	0	0	0	0	0	0	0	0	0	0	0	0	0	0	0	0	0	0	0	0	0	0	0	0	0	0	0	0	0	0	1	0	0	0	0	1	1	0	0	0	0	0	0	0	0	0	0	0	0	0	0	0	0	0	0	0	0	0	0	0	0	0	0	0	0	0	0	0	0	1
"<http://dbpedia.org/resource/Alexis_Korner> <http://dbpedia.org/ontology/recordLabel> <http://dbpedia.org/resource/Tempo_Records_(UK)> ."	true	0	1	1	0	0	0	0	0	0	0	1	0	0	0	0	0	0	0	0	0	0	0	0	0	0	0	0	0	0	0	0	0	0	0	0	0	0	0	0	0	0	0	0	0	0	0	0	0	0	0	0	0	0	0	0	0	0	0	0	0	0	0	0	0	0	0	0	0	0	0	0	0	0	0	0	0	0	0	1
"<http://dbpedia.org/resource/AFC_Ajax__Ruben_Ligeon__2> <http://dbpedia.org/ontology/team> <http://dbpedia.org/resource/AFC_Ajax> ."	false	0	0	0	0	0	0	0	0	0	0	0	0	0	0	0	0	0	0	0	0	0	0	0	0	0	0	0	0	0	0	0	0	0	0	0	0	0	0	0	0	0	0	0	0	0	0	0	0	0	0	0	0	0	0	0	0	0	0	0	0	0	0	0	0	0	0	0	0	0	1	1	1	1	0	0	0	0	0	0
"<http://dbpedia.org/resource/Aramaic_language> <http://dbpedia.org/ontology/spokenIn> <http://dbpedia.org/resource/Turkey> ."	true	0	0	0	0	0	0	0	0	0	0	0	0	0	0	0	0	0	0	0	0	0	0	0	0	0	0	0	0	0	0	0	0	0	0	0	0	0	0	0	0	0	0	0	0	0	0	0	0	0	0	0	0	0	0	0	0	0	0	0	0	0	0	0	0	0	0	0	0	0	0	0	0	0	0	0	0	0	0	0	1	1	1	1
"<http://dbpedia.org/resource/Anita_Hill> <http://dbpedia.org/ontology/award> <http://dbpedia.org/resource/Fletcher_Foundation> ."	true	0	1	1	0	0	0	0	0	0	0	0	0	0	0	0	0	0	0	0	0	0	0	0	0	0	0	0	0	0	0	0	0	0	0	0	0	0	0	0	0	0	0	0	0	0	0	0	0	0	0	0	0	0	0	0	0	0	0	0	0	0	0	0	0	0	0	0	0	0	0	0	0	0	0	0	0	0	0	0	0	0	0	0
"<http://dbpedia.org/resource/A.S._Roma> <http://dbpedia.org/ontology/ground> <http://dbpedia.org/resource/Rome> ."	true	0	0	1	0	0	0	0	0	0	0	0	0	0	0	0	0	0	0	0	0	0	0	0	0	0	0	0	0	0	0	0	0	0	0	0	0	0	0	0	0	0	0	0	0	0	0	0	0	0	0	0	0	0	0	0	0	1	0	0	0	0	0	0	0	0	0	0	0	0	0	0	0	0	0	0	0	0	0	0	0	0	0	0	1	1	1	1	1	1
"<http://dbpedia.org/resource/Andhra_Pradesh> <http://dbpedia.org/ontology/country> <http://dbpedia.org/resource/India> ."	true	0	0	0	0	0	1	1	1	0	0	0	0	0	0	0	0	0	0	0	0	0	0	0	0	0	0	0	0	0	0	0	0	0	0	0	0	0	0	0	0	0	0	0	0	0	0	0	0	0	0	0	0	0	0	0	0	0	0	0	0	0	0	0	0	0	0	0	0	0	0	0	0	0	0	0	0	0	0	0	0	0	0	0	0	0	0	0	0	0	1	1	1	1	1
"<http://dbpedia.org/resource/Advanced_Micro_Devices> <http://dbpedia.org/ontology/foundedBy> <http://dbpedia.org/resource/Edwin_Turney> ."	true	0	0	1	0	0	0	0	0	0	0	0	0	0	0	0	0	0	0	0	0	0	0	0	0	0	0	0	0	0	0	0	0	0	0	0	0	0	0	0	0	0	0	0	0	0	0	0	0	0	0	0	0	0	0	0	1	1	0	0	0	0	0	0	0	0	0	0	0	0	0	0	0	0	0	0	0	0	0	0	0	0	0	0	0	0	0	0	0	0	0	0	0	0	0	1	1
"<http://dbpedia.org/resource/Arnulf_of_Carinthia> <http://dbpedia.org/ontology/predecessor> <http://dbpedia.org/resource/Lambert_II_of_Spoleto> ."	true	0	1	1	0	0	0	0	0	0	0	0	0	0	0	0	0	0	0	0	0	0	0	0	0	0	0	0	0	0	0	0	0	0	0	0	0	0	0	0	1	1	0	0	0	0	0	0	0	0	0	0	0	0	0	0	0	0	0	0	0	0	0	0	0	0	0	0	0	0	0	0	0	0	0	0	0	0	0	0	0	0	0	0	0	0	0	0	0	0	0	0	0	0	0	0	0	1	1
"<http://dbpedia.org/resource/Abano_Terme> <http://dbpedia.org/ontology/country> <http://dbpedia.org/resource/Italy> ."	true	0	0	0	0	0	1	1	1	0	0	0	0	0	0	0	0	0	0	0	0	0	0	0	0	0	0	0	0	0	0	0	0	0	0	0	0	0	0	0	0	0	0	0	0	0	0	0	0	0	0	0	0	0	0	0	0	0	0	0	0	0	0	0	0	0	0	0	0	0	0	0	0	0	0	0	0	0	0	0	0	0	0	0	0	0	0	0	0	0	1	1	1	1	1	0	0	0	0
"<http://dbpedia.org/resource/Abdur_Rahman_Khan> <http://dbpedia.org/ontology/placeOfBurial> <http://dbpedia.org/resource/Kabul> ."	true	0	1	1	0	0	0	0	0	0	0	0	0	0	0	0	0	0	0	0	0	0	0	0	0	0	0	0	0	0	0	0	0	0	0	0	0	0	0	1	0	0	0	0	0	0	0	0	0	0	0	0	0	0	0	0	0	0	0	0	0	0	0	0	0	0	0	0	0	0	0	0	0	0	0	0	0	0	0	0	0	0	0	0	0	0	0	0	0	0	0	0	0	0	0	0	0	0	0	1	1	1	1	1
"<http://dbpedia.org/resource/Andrzej_Sapkowski> <http://dbpedia.org/ontology/citizenship> <http://dbpedia.org/resource/Poland> ."	true	0	1	1	0	0	0	0	0	0	1	1	0	0	0	0	0	0	0	0	0	0	0	0	0	0	0	0	0	0	0	0	0	0	0	0	0	0	0	0	0	0	0	0	0	0	0	0	0	0	0	0	0	0	0	0	0	0	0	0	0	0	0	0	0	0	0	0	0	0	0	0	0	0	0	0	0	0	0	0	0	0	0	0	0	0	0	0	0	0	0	0	0	0	0	0	0	0	0	0	0	0	0	0	1	1	1	1
"<http://dbpedia.org/resource/Agner_Krarup_Erlang> <http://dbpedia.org/ontology/occupation> <http://dbpedia.org/resource/Agner_Krarup_Erlang__1> ."	true	0	1	1	0	0	0	0	0	0	0	0	0	0	0	0	0	0	0	0	0	0	0	0	0	0	0	0	0	0	0	0	0	0	0	0	0	0	0	0	0	0	0	0	0	0	0	0	0	0	0	0	0	0	0	0	0	0	0	0	0	0	0	0	0	0	0	0	0	0	0	0	0	0	0	0	0	0	0	0	0	0	0	0	0	0	0	0	0	0	0	0	0	0	0	0	0	0	0	0	0	0	0	0	0	0	0	0	1
"<http://dbpedia.org/resource/Akira_Toriyama> <http://dbpedia.org/ontology/occupation> <http://dbpedia.org/resource/Artist> ."	true	0	1	1	0	0	0	0	0	0	0	0	0	0	0	0	0	0	0	0	0	0	0	0	0	0	0	0	0	0	0	0	0	0	0	0	0	0	0	0	0	0	0	0	0	0	0	0	0	0	0	0	0	0	0	0	0	0	0	0	0	0	0	0	0	0	0	0	0	0	0	0	0	0	0	0	0	0	0	0	0	0	0	0	0	0	0	0	0	0	0	0	0	0	0	0	0	0	0	0	0	0	0	0	0	0	0	0	0
"<http://dbpedia.org/resource/AIM-54_Phoenix> <http://dbpedia.org/ontology/type> <http://dbpedia.org/resource/Air-to-air_missile> ."	true	0	0	0	0	0	0	0	0	0	0	0	0	0	0	0	0	0	0	0	0	0	0	0	0	0	0	0	0	0	0	0	0	0	0	0	0	0	0	0	0	0	0	0	0	0	0	0	0	0	0	0	0	0	0	0	0	0	0	0	0	0	0	0	0	0	0	0	0	0	0	0	0	0	0	0	0	0	0	0	0	0	0	0	0	0	0	0	0	0	0	0	0	0	0	0	0	0	0	0	0	0	0	0	0	0	0	0	0	1	1
"<http://dbpedia.org/resource/ACF_Fiorentina__Facundo_Roncaglia__1> <http://dbpedia.org/ontology/currentMember> <http://dbpedia.org/resource/Facundo_Roncaglia> ."	false	0	1	1	0	0	0	0	0	0	0	0	0	0	0	0	0	0	0	0	0	0	0	0	0	0	0	0	0	0	0	0	0	0	0	0	0	0	0	0	0	0	0	0	0	0	0	0	0	0	0	0	0	0	0	0	0	0	0	0	0	0	0	0	0	0	0	0	1	1	0	0	0	0	1	1	1	1	0	0	0	0	0	0	0	0	0	0	0	0	0	0	0	0	0	0	0	0	0	0	0	0	0	0	0	0	0	0	0	0	0
"<http://dbpedia.org/resource/ACF_Fiorentina__Lorenzo_De_Silvestri__1> <http://dbpedia.org/ontology/team> <http://dbpedia.org/resource/ACF_Fiorentina> ."	false	0	1	1	0	0	0	0	0	0	0	0	0	0	0	0	0	0	0	0	0	0	0	0	0	0	0	0	0	0	0	0	0	0	0	0	0	0	0	0	0	0	0	0	0	0	0	0	0	0	0	0	0	0	0	0	0	0	0	0	0	0	0	0	0	0	0	0	1	1	1	1	1	1	0	0	0	0	0	0	0	0	0	0	0	0	0	0	0	0	0	0	0	0	0	0	0	0	0	0	0	0	0	0	0	0	0	0	0	0	0
"<http://dbpedia.org/resource/Ahmed_al-Nami> <http://dbpedia.org/ontology/deathPlace> <http://dbpedia.org/resource/United_States> ."	true	0	1	1	0	0	0	0	0	0	0	0	0	0	0	0	0	0	0	0	0	0	0	0	0	0	0	0	0	0	0	0	0	0	0	0	0	0	0	0	0	0	0	0	0	0	0	0	1	1	1	0	0	0	0	0	0	0	0	0	0	0	0	0	0	0	0	0	0	0	0	0	0	0	0	0	0	0	0	0	0	0	0	0	0	0	0	0	0	0	0	0	0	0	0	0	0	0	0	0	0	0	0	0	0	0	0	0	0	0	0	1
"<http://dbpedia.org/resource/Aveiro,_Portugal> <http://dbpedia.org/ontology/type> <http://dbpedia.org/resource/List_of_cities_in_Portugal> ."	true	0	0	0	0	0	1	1	1	0	0	0	0	0	0	0	0	0	0	0	0	0	0	0	0	0	0	0	0	0	0	0	0	0	0	0	0	0	0	0	0	0	0	0	0	0	0	0	0	0	0	0	0	0	0	0	0	0	0	0	0	0	0	0	0	0	0	0	0	0	0	0	0	0	0	0	0	0	0	0	0	0	0	0	0	0	0	0	0	0	1	0	0	0	0	0	0	0	0	0	0	0	0	0	0	0	0	0	0	0	0	0	1
"<http://dbpedia.org/resource/Arlo_Guthrie> <http://dbpedia.org/ontology/instrument> <http://dbpedia.org/resource/Guitar> ."	true	0	1	1	0	0	0	0	0	0	0	1	0	0	0	0	0	0	0	0	0	0	0	0	0	0	0	0	0	0	0	0	0	0	0	0	0	0	0	0	0	0	0	0	0	0	0	0	0	0	0	0	0	0	0	0	0	0	0	0	0	0	0	0	0	0	0	0	0	0	0	0	0	0	0	0	0	0	0	1	0	0	0	0	0	0	0	0	0	0	0	0	0	0	0	0	0	0	0	0	0	0	0	0	0	0	0	0	0	0	0	0	0
"<http://dbpedia.org/resource/Bill_Clinton> <http://dbpedia.org/ontology/spouse> <http://dbpedia.org/resource/Hillary_Rodham_Clinton> ."	true	0	1	1	0	0	0	0	0	0	0	0	0	0	0	0	0	0	0	0	0	0	0	0	0	0	0	0	0	0	0	0	0	0	0	0	0	0	0	0	0	0	0	0	0	0	0	0	0	0	0	0	0	1	1	0	0	0	0	0	0	0	0	0	0	0	0	0	0	0	0	0	0	0	0	0	0	0	0	0	0	0	0	0	0	0	0	0	0	0	0	0	0	0	0	0	0	0	0	0	0	0	0	0	0	0	0	0	0	0	0	0	0	1	1	1
"<http://dbpedia.org/resource/Britney_Spears> <http://dbpedia.org/ontology/recordLabel> <http://dbpedia.org/resource/RCA_Records> ."	true	0	1	1	0	0	0	0	0	0	0	0	0	0	0	0	0	0	0	0	0	0	0	0	0	0	0	0	0	0	0	0	0	0	0	0	0	0	0	0	0	0	0	0	0	0	0	0	0	0	0	0	0	0	0	0	0	0	0	0	0	0	0	0	0	0	0	0	0	0	0	0	0	0	0	0	0	0	0	0	0	0	0	0	0	0	0	0	0	0	0	0	0	0	0	0	0	0	0	0	0	0	0	0	0	0	0	0	0	0	0	0	0	0	0	0	1	1	1	1
"<http://dbpedia.org/resource/Baruch_Spinoza> <http://dbpedia.org/ontology/influenced> <http://dbpedia.org/resource/Johann_Gottlieb_Fichte> ."	true	0	1	1	0	0	0	0	0	0	0	0	0	0	1	1	0	0	0	0	0	0	0	1	1	0	0	0	0	0	0	0	0	0	0	0	0	0	0	0	0	0	0	0	0	0	0	0	0	0	0	0	0	0	0	0	0	0	0	0	0	0	0	0	0	0	0	0	0	0	0	0	0	0	0	0	0	0	0	0	0	0	0	0	0	0	0	0	0	0	0	0	0	0	0	0	0	0	0	0	0	0	0	0	0	0	0	0	0	0	0	0	0	0	0	0	0	0	0	0
"<http://dbpedia.org/resource/Beavis_and_Butt-head> <http://dbpedia.org/ontology/format> <http://dbpedia.org/resource/Dolby_Surround> ."	true	0	0	0	0	0	0	0	0	0	0	0	0	0	0	0	0	0	0	0	0	0	0	0	0	0	0	0	0	0	0	0	0	0	0	0	0	0	0	0	0	0	0	0	0	0	0	0	0	0	0	0	0	0	0	0	0	0	0	0	0	0	0	0	0	0	0	0	0	0	0	0	0	0	0	0	0	0	0	0	0	0	0	0	0	0	0	0	0	0	0	0	0	0	0	0	0	0	0	0	0	0	0	0	0	0	0	0	0	0	0	0	0	0	0	0	0	0	0	0	1	1
"<http://dbpedia.org/resource/Beastie_Boys> <http://dbpedia.org/ontology/associatedMusicalArtist> <http://dbpedia.org/resource/The_Roots> ."	false	0	0	1	0	0	0	0	0	0	0	0	0	0	0	0	0	0	0	0	0	0	0	0	0	0	0	0	0	0	0	0	0	0	0	0	0	0	0	0	0	0	0	0	0	0	0	0	0	0	0	0	0	0	0	0	0	1	0	0	0	0	0	0	0	0	0	0	0	0	0	0	0	0	0	0	0	0	0	0	0	0	0	0	0	0	0	0	0	0	0	0	0	0	0	0	0	0	0	0	0	0	0	0	0	0	0	0	0	0	0	0	0	0	0	0	0	0	0	0	0	0	1	1	1	1
"<http://dbpedia.org/resource/Bill_Gates> <http://dbpedia.org/ontology/religion> <http://dbpedia.org/resource/Agnosticism> ."	true	0	1	1	0	0	0	0	0	0	0	0	0	0	0	0	0	0	0	0	0	0	0	0	0	0	0	0	0	0	0	0	0	0	0	0	0	0	0	0	0	0	0	0	0	0	0	0	0	0	0	0	0	0	0	0	0	0	0	0	0	0	0	0	0	0	0	0	0	0	0	0	0	0	0	0	0	0	0	0	0	0	0	0	0	0	0	0	0	0	0	0	0	0	0	0	0	0	0	0	0	0	0	0	0	0	0	0	0	0	0	0	0	0	0	0	0	0	0	0	0	0	0	0	0	0
"<http://dbpedia.org/resource/Bal_Thackeray> <http://dbpedia.org/ontology/successor> <http://dbpedia.org/resource/Uddhav_Thackeray> ."	true	1	1	1	0	0	0	0	0	0	0	0	0	0	0	0	0	0	0	0	0	0	0	0	0	0	0	0	0	0	0	0	0	0	0	0	0	0	0	0	0	0	0	0	1	1	0	0	0	0	0	0	0	0	0	0	0	0	0	0	0	0	0	0	0	0	0	0	0	0	0	0	0	0	0	0	0	0	0	0	0	0	0	0	0	0	0	0	0	0	0	0	0	0	0	0	0	0	0	0	0	0	0	0	0	0	0	0	0	0	0	0	0	0	0	0	0	0	0	0	0	0	0	0	0	0	1
"<http://dbpedia.org/resource/Bilge_Khagan> <http://dbpedia.org/ontology/parent> <http://dbpedia.org/resource/Ilbilge_Khatun> ."	true	0	1	1	0	0	0	0	0	0	0	0	0	0	0	0	0	0	0	0	0	0	0	0	0	0	0	0	0	0	0	0	0	0	0	0	0	0	0	0	1	1	0	0	0	0	0	0	0	0	0	0	0	0	0	0	0	0	0	0	0	0	0	0	0	0	0	0	0	0	0	0	0	0	0	0	0	0	0	0	0	0	0	0	0	0	0	0	0	0	0	0	0	0	0	0	0	0	0	0	0	0	0	0	0	0	0	0	0	0	0	0	0	0	0	0	0	0	0	0	0	0	0	0	0	0	0
"<http://dbpedia.org/resource/Herman_Boerhaave> <http://dbpedia.org/ontology/doctoralAdvisor> <http://dbpedia.org/resource/Burchard_de_Volder> ."	true	0	1	1	0	0	0	0	0	0	0	0	0	0	0	0	0	0	0	0	0	0	0	0	0	0	1	0	0	0	0	0	0	0	0	0	0	0	0	0	0	0	0	0	0	0	0	0	0	0	0	0	0	0	0	0	0	0	0	0	0	0	0	0	0	0	0	0	0	0	0	0	0	0	0	0	0	0	0	0	0	0	0	0	0	0	0	0	0	0	0	0	0	0	0	0	0	0	0	0	0	0	0	0	0	0	0	0	0	0	0	0	0	0	0	0	0	0	0	0	0	0	0	0	0	0	0	1	1	1
"<http://dbpedia.org/resource/Bill_Joy> <http://dbpedia.org/ontology/knownFor> <http://dbpedia.org/resource/Network_File_System> ."	true	0	1	1	0	0	0	0	0	0	0	0	0	0	0	0	0	0	0	0	0	0	0	0	0	0	1	0	0	0	0	0	0	0	0	0	0	0	0	0	0	0	0	0	0	0	0	0	0	0	0	0	0	0	0	0	0	0	0	0	0	0	0	0	0	0	0	0	0	0	0	0	0	0	0	0	0	0	0	0	0	0	0	0	0	0	0	0	0	0	0	0	0	0	0	0	0	0	0	0	0	0	0	0	0	0	0	0	0	0	0	0	0	0	0	0	0	0	0	0	0	0	0	0	0	0	0	0	0	0
"<http://dbpedia.org/resource/Benoit_Mandelbrot> <http://dbpedia.org/ontology/doctoralStudent> <http://dbpedia.org/resource/Daniel_Zajdenweber> ."	true	0	1	1	0	0	0	0	0	0	0	0	0	0	0	0	0	0	0	0	0	0	0	0	0	0	1	0	0	0	0	0	0	0	0	0	0	0	0	0	0	0	0	0	0	0	0	0	0	0	0	0	0	0	0	0	0	0	0	0	0	0	0	0	0	0	0	0	0	0	0	0	0	0	0	0	0	0	0	0	0	0	0	0	0	0	0	0	0	0	0	0	0	0	0	0	0	0	0	0	0	0	0	0	0	0	0	0	0	0	0	0	0	0	0	0	0	0	0	0	0	0	0	0	0	0	0	0	0	0
"<http://dbpedia.org/resource/Bing_Crosby> <http://dbpedia.org/ontology/deathPlace> <http://dbpedia.org/resource/La_Moraleja> ."	true	0	1	1	0	0	0	0	0	0	0	1	0	0	0	0	0	0	0	0	0	0	0	0	0	0	0	0	0	0	0	0	0	0	0	0	0	0	0	0	0	0	0	0	0	0	0	0	0	0	0	0	0	0	0	0	0	0	0	0	0	0	0	0	0	0	0	0	0	0	0	0	0	0	0	0	0	0	0	1	0	0	0	0	0	0	0	0	0	0	0	0	0	0	0	0	0	0	0	0	0	0	0	0	0	0	0	0	0	0	0	0	0	0	0	0	0	0	0	0	0	0	0	0	0	0	0	0	0	0
"<http://dbpedia.org/resource/Black> <http://dbpedia.org/ontology/connotation> <http://dbpedia.org/resource/Darkness> ."	true	0	0	0	0	0	0	0	0	0	0	0	0	0	0	0	0	0	0	0	0	0	0	0	0	0	0	0	0	0	0	0	0	0	0	0	0	0	0	0	0	0	0	0	0	0	0	0	0	0	0	0	0	0	0	0	0	0	0	0	0	0	0	0	0	0	0	0	0	0	0	0	0	0	0	0	0	0	0	0	0	0	0	0	0	0	0	0	0	0	0	0	0	0	0	0	0	0	0	0	0	0	0	0	0	0	0	0	0	0	0	0	0	0	0	0	0	0	0	0	0	0	0	0	0	0	0	0	0	0	1
"<http://dbpedia.org/resource/Blade_Runner_3:_Replicant_Night> <http://dbpedia.org/ontology/publisher> <http://dbpedia.org/resource/Bantam_Spectra> ."	true	0	0	0	0	0	0	0	0	0	0	0	0	0	0	0	0	0	0	0	0	0	0	0	0	0	0	0	0	0	0	0	0	0	0	0	0	0	0	0	0	0	0	0	0	0	0	0	0	0	0	0	0	0	0	0	0	0	0	0	0	0	0	0	0	0	0	0	0	0	0	0	0	0	0	0	0	0	0	0	0	0	0	0	0	0	0	0	0	0	0	0	0	0	0	0	0	0	0	0	0	0	0	0	0	0	0	0	0	0	0	0	0	0	0	0	0	0	0	0	0	1	0	0	0	0	0	0	0	0	0	1	1	1	1	1	1
"<http://dbpedia.org/resource/CIM-10_Bomarc> <http://dbpedia.org/ontology/type> <http://dbpedia.org/resource/Surface-to-air_missile> ."	true	0	0	0	0	0	0	0	0	0	0	0	0	0	0	0	0	0	0	0	0	0	0	0	0	0	0	0	0	0	0	0	0	0	0	0	0	0	0	0	0	0	0	0	0	0	0	0	0	0	0	0	0	0	0	0	0	0	0	0	0	0	0	0	0	0	0	0	0	0	0	0	0	0	0	0	0	0	0	0	0	0	0	0	0	0	0	0	0	0	0	0	0	0	0	0	0	0	0	0	0	0	0	0	0	0	0	0	0	0	0	0	0	0	0	0	0	0	0	0	0	0	0	0	0	0	0	0	0	0	0	0	0	0	0	0	0	1	1
"<http://dbpedia.org/resource/Boston_Herald> <http://dbpedia.org/ontology/publisher> <http://dbpedia.org/resource/Patrick_J._Purcell> ."	true	0	0	0	0	0	0	0	0	0	0	0	0	0	0	0	0	0	0	0	0	0	0	0	0	0	0	0	0	0	0	0	0	0	0	0	0	0	0	0	0	0	0	0	0	0	0	0	0	0	0	0	0	0	0	0	0	0	0	0	0	0	0	0	0	0	0	0	0	0	0	0	0	0	0	0	0	0	0	0	0	0	0	0	0	0	0	0	0	0	0	0	0	0	0	0	0	0	0	0	0	0	0	0	0	0	0	0	0	0	0	0	0	0	0	0	0	0	0	0	0	1	0	0	0	0	0	0	0	0	0	0	1	0	0	0	0	0	0	1	1
"<http://dbpedia.org/resource/Berthe_Morisot> <http://dbpedia.org/ontology/movement> <http://dbpedia.org/resource/Impressionism> ."	true	0	1	1	0	0	0	0	0	0	0	1	0	0	0	0	0	0	0	0	0	0	0	0	0	0	0	0	0	0	0	0	0	0	0	0	0	0	0	0	0	0	0	0	0	0	0	0	0	0	0	0	0	0	0	0	0	0	0	0	0	0	0	0	0	0	0	0	0	0	0	0	0	0	0	0	0	0	0	0	0	0	0	0	0	0	0	0	0	0	0	0	0	0	0	0	0	0	0	0	0	0	0	0	0	0	0	0	0	0	0	0	0	0	0	0	0	0	0	0	0	0	0	0	0	0	0	0	0	0	0	0	0	0	0	0	0	0	0	0	0
"<http://dbpedia.org/resource/British_National_Party> <http://dbpedia.org/ontology/headquarter> <http://dbpedia.org/resource/Welshpool> ."	true	0	0	1	0	0	0	0	0	0	0	0	0	0	0	0	0	0	0	0	0	0	0	0	0	0	0	0	0	0	0	0	0	0	0	0	0	0	0	0	0	0	0	0	0	0	0	0	0	0	0	0	0	0	0	0	0	1	0	0	0	0	0	0	0	0	0	0	0	0	0	0	0	0	0	0	0	0	0	0	0	0	0	0	0	0	0	0	0	0	0	0	0	0	0	0	0	0	0	0	0	0	0	0	0	0	0	0	0	0	0	0	0	0	0	0	0	0	0	0	0	0	0	0	0	0	0	0	0	0	0	0	0	0	0	0	0	0	0	0	0	1	1	1	1	1
"<http://dbpedia.org/resource/Black_Sabbath> <http://dbpedia.org/ontology/associatedBand> <http://dbpedia.org/resource/Deep_Purple> ."	true	0	0	1	0	0	0	0	0	0	0	0	0	0	0	0	0	0	0	0	0	0	0	0	0	0	0	0	0	0	0	0	0	0	0	0	0	0	0	0	0	0	0	0	0	0	0	0	0	0	0	0	0	0	0	0	0	1	0	0	0	0	0	0	0	0	0	0	0	0	0	0	0	0	0	0	0	0	0	0	0	0	0	0	0	0	0	0	0	0	0	0	0	0	0	0	0	0	0	0	0	0	0	0	0	0	0	0	0	0	0	0	0	0	0	0	0	0	0	0	0	0	1	0	0	0	0	0	0	0	0	0	0	0	0	0	0	0	0	0	0	0	0	0	0	0	1	1	1
"<http://dbpedia.org/resource/Bristol_City_F.C.__Louis_Carey__1> <http://dbpedia.org/ontology/team> <http://dbpedia.org/resource/Bristol_City_F.C.> ."	false	0	1	1	0	0	0	0	0	0	0	0	0	0	0	0	0	0	0	0	0	0	0	0	0	0	0	0	0	0	0	0	0	0	0	0	0	0	0	0	0	0	0	0	0	0	0	0	0	0	0	0	0	0	0	0	0	0	0	0	0	0	0	0	0	0	0	0	1	1	1	1	1	1	0	0	0	0	0	0	0	0	0	0	0	0	0	0	0	0	0	0	0	0	0	0	0	0	0	0	0	0	0	0	0	0	0	0	0	0	0	0	0	0	0	0	0	0	0	0	0	0	0	0	0	0	0	0	0	0	0	0	0	0	0	0	0	0	0	0	0	0	0	0	0	0	0	0	0
"<http://dbpedia.org/resource/Bristol_City_F.C.__Luke_Dobie__1> <http://dbpedia.org/ontology/currentMember> <http://dbpedia.org/resource/Luke_Dobie> ."	true	0	0	0	0	0	0	0	0	0	0	0	0	0	0	0	0	0	0	0	0	0	0	0	0	0	0	0	0	0	0	0	0	0	0	0	0	0	0	0	0	0	0	0	0	0	0	0	0	0	0	0	0	0	0	0	0	0	0	0	0	0	0	0	0	0	0	0	0	0	0	0	0	0	1	1	1	1	0	0	0	0	0	0	0	0	0	0	0	0	0	0	0	0	0	0	0	0	0	0	0	0	0	0	0	0	0	0	0	0	0	0	0	0	0	0	0	0	0	0	0	0	0	0	0	0	0	0	0	0	0	0	0	0	0	0	0	0	0	0	0	0	0	0	0	0	0	0	0
"<http://dbpedia.org/resource/Barcelona> <http://dbpedia.org/ontology/isPartOf> <http://dbpedia.org/resource/Province_of_Barcelona> ."	true	0	0	0	0	0	1	1	1	0	0	0	0	0	0	0	0	0	0	0	0	0	0	0	0	0	0	0	0	0	0	0	0	0	0	0	0	0	0	0	0	0	0	0	0	0	0	0	0	0	0	0	0	0	0	0	0	0	0	0	0	0	0	0	0	0	0	0	0	0	0	0	0	0	0	0	0	0	0	0	0	0	0	0	0	0	0	0	0	0	1	0	0	0	0	0	0	0	0	0	0	0	0	0	0	0	0	0	0	0	0	0	0	0	0	0	0	0	0	0	0	0	0	0	0	0	0	0	0	0	0	0	0	0	0	0	0	0	0	0	0	0	0	0	0	0	0	0	0
"<http://dbpedia.org/resource/Bongo_(antelope)> <http://dbpedia.org/ontology/phylum> <http://dbpedia.org/resource/Chordate> ."	false	0	0	0	0	0	0	0	0	0	0	0	0	0	0	0	0	0	0	0	0	1	1	0	0	0	0	0	0	0	0	0	0	0	0	0	0	0	0	0	0	0	0	0	0	0	0	0	0	0	0	0	0	0	0	0	0	0	0	0	0	0	0	0	0	0	0	0	0	0	0	0	0	0	0	0	0	0	0	0	0	0	0	0	0	0	0	0	0	0	0	0	0	0	0	0	0	0	0	0	0	0	0	0	0	0	0	0	0	0	0	0	0	0	0	0	0	0	0	0	0	0	0	0	0	0	0	0	0	0	0	0	0	0	0	0	0	0	0	0	0	0	0	0	0	0	0	0	0	1	1
"<http://dbpedia.org/resource/Bill_Haley> <http://dbpedia.org/ontology/recordLabel> <http://dbpedia.org/resource/Center_Records> ."	true	0	1	1	0	0	0	0	0	0	0	1	0	0	0	0	0	0	0	0	0	0	0	0	0	0	0	0	0	0	0	0	0	0	0	0	0	0	0	0	0	0	0	0	0	0	0	0	0	0	0	0	0	0	0	0	0	0	0	0	0	0	0	0	0	0	0	0	0	0	0	0	0	0	0	0	0	0	0	1	0	0	0	0	0	0	0	0	0	0	0	0	0	0	0	0	0	0	0	0	0	0	0	0	0	0	0	0	0	0	0	0	0	0	0	0	0	0	0	0	0	0	0	0	0	0	0	0	0	0	0	0	0	0	0	0	0	0	0	0	0	0	0	0	0	0	0	0	0	0	0
"<http://dbpedia.org/resource/Blind_Willie_McTell> <http://dbpedia.org/ontology/genre> <http://dbpedia.org/resource/Country_blues> ."	true	0	1	1	0	0	0	0	0	0	0	1	0	0	0	0	0	0	0	0	0	0	0	0	0	0	0	0	0	0	0	0	0	0	0	0	0	0	0	0	0	0	0	0	0	0	0	0	0	0	0	0	0	0	0	0	0	0	0	0	0	0	0	0	0	0	0	0	0	0	0	0	0	0	0	0	0	0	0	1	0	0	0	0	0	0	0	0	0	0	0	0	0	0	0	0	0	0	0	0	0	0	0	0	0	0	0	0	0	0	0	0	0	0	0	0	0	0	0	0	0	0	0	0	0	0	0	0	0	0	0	0	0	0	0	0	0	0	0	0	0	0	0	0	0	0	0	0	0	0	0	1	1	1
"<http://dbpedia.org/resource/Blue_%C3%96yster_Cult> <http://dbpedia.org/ontology/genre> <http://dbpedia.org/resource/Psychedelic_rock> ."	true	0	0	1	0	0	0	0	0	0	0	0	0	0	0	0	0	0	0	0	0	0	0	0	0	0	0	0	0	0	0	0	0	0	0	0	0	0	0	0	0	0	0	0	0	0	0	0	0	0	0	0	0	0	0	0	0	1	0	0	0	0	0	0	0	0	0	0	0	0	0	0	0	0	0	0	0	0	0	0	0	0	0	0	0	0	0	0	0	0	0	0	0	0	0	0	0	0	0	0	0	0	0	0	0	0	0	0	0	0	0	0	0	0	0	0	0	0	0	0	0	0	1	0	0	0	0	0	0	0	0	0	0	0	0	0	0	0	0	0	0	0	0	0	0	0	0	0	0	0	0	1	1	1
"<http://dbpedia.org/resource/Broadway_(New_York_City)> <http://dbpedia.org/ontology/routeJunction> <http://dbpedia.org/resource/The_Bronx> ."	true	0	0	0	0	0	0	0	0	0	0	0	0	0	0	0	0	0	0	0	0	0	0	0	0	0	0	0	0	0	0	0	0	0	0	0	0	0	0	0	0	0	0	0	0	0	0	0	0	0	0	0	0	0	0	0	0	0	0	0	0	0	0	0	0	0	0	0	0	0	0	0	0	0	0	0	0	0	0	0	0	0	0	0	0	0	0	0	0	0	0	0	0	0	0	0	0	0	0	0	0	0	0	0	0	0	0	0	0	0	0	0	0	0	0	0	0	0	0	0	0	0	0	0	0	0	0	0	0	0	0	0	0	0	0	0	0	0	0	0	0	0	0	0	0	0	0	0	0	0	0	0	0	0	1	1	1	1	1
"<http://dbpedia.org/resource/Bruce_Campbell> <http://dbpedia.org/ontology/birthPlace> <http://dbpedia.org/resource/Royal_Oak,_Michigan> ."	true	0	1	1	0	0	0	0	0	0	0	0	0	0	0	0	0	1	1	1	0	0	0	0	0	0	0	0	0	0	0	0	0	0	0	0	0	0	0	0	0	0	0	0	0	0	0	0	0	0	0	0	0	0	0	1	0	0	0	0	0	0	0	0	0	0	0	0	0	0	0	0	0	0	0	0	0	0	0	0	0	0	0	0	0	0	0	0	0	0	0	0	0	0	0	0	0	0	0	0	0	0	0	0	0	0	0	0	0	0	0	0	0	0	0	0	0	0	0	0	0	0	0	0	0	0	0	0	0	0	0	0	0	0	0	0	0	0	0	0	0	0	0	0	0	0	0	0	0	0	0	0	0	0	0	0	0	0	0	1
"<http://dbpedia.org/resource/Benjamin_Tucker> <http://dbpedia.org/ontology/influencedBy> <http://dbpedia.org/resource/Max_Stirner> ."	true	0	1	1	0	0	0	0	0	0	1	1	0	0	0	0	0	0	0	0	0	0	0	0	0	0	0	0	0	0	0	0	0	0	0	0	0	0	0	0	0	0	0	0	0	0	0	0	0	0	0	0	0	0	0	0	0	0	0	0	0	0	0	0	0	0	0	0	0	0	0	0	0	0	0	0	0	0	0	0	0	0	0	0	0	0	0	0	0	0	0	0	0	0	0	0	0	0	0	0	0	0	0	0	0	0	0	0	0	0	0	0	0	0	0	0	0	0	0	0	0	0	0	0	0	0	0	0	0	0	0	0	0	0	0	0	0	0	0	0	0	0	0	0	0	0	0	0	0	0	0	0	0	0	0	0	0	0	0	0	1	1	1
"<http://dbpedia.org/resource/Bacillus> <http://dbpedia.org/ontology/division> <http://dbpedia.org/resource/Firmicutes> ."	true	0	0	0	0	0	0	0	0	0	0	0	0	0	0	0	0	0	0	0	0	0	1	0	0	0	0	0	0	0	0	0	0	0	0	0	0	0	0	0	0	0	0	0	0	0	0	0	0	0	0	0	0	0	0	0	0	0	0	0	0	0	0	0	0	0	0	0	0	0	0	0	0	0	0	0	0	0	0	0	0	0	0	0	0	0	0	0	0	0	0	0	0	0	0	0	0	0	0	0	0	0	0	0	0	0	0	0	0	0	0	0	0	0	0	0	0	0	0	0	0	0	0	0	0	0	0	0	0	0	0	0	0	0	0	0	0	0	0	0	0	0	0	0	0	0	0	0	0	0	0	0	0	0	0	0	0	0	0	0	0	0	0	1	1	1
"<http://dbpedia.org/resource/Battle_of_Marathon> <http://dbpedia.org/ontology/commander> <http://dbpedia.org/resource/Callimachus_(polemarch)> ."	false	0	0	0	0	0	0	0	0	0	0	0	0	0	0	0	0	0	0	0	0	0	0	0	0	0	0	0	0	0	0	0	0	0	0	0	0	0	0	0	0	0	0	0	0	0	0	0	0	0	0	0	0	0	0	0	0	0	0	0	0	0	0	0	0	0	0	0	0	0	0	0	0	0	0	0	0	0	0	0	0	0	0	0	0	0	0	0	0	0	0	0	0	0	0	0	0	0	0	0	0	0	0	0	0	0	0	0	0	0	0	0	0	0	0	0	0	0	0	0	0	0	0	0	0	0	0	0	0	0	0	0	0	0	0	0	0	0	0	0	0	0	0	0	0	0	0	0	0	0	0	0	0	0	0	0	0	0	0	0	0	0	0	0	0	0	1	1	1	1	1	1
"<http://dbpedia.org/resource/B._F._Skinner> <http://dbpedia.org/ontology/deathPlace> <http://dbpedia.org/resource/Massachusetts> ."	true	0	1	1	0	0	0	0	0	0	0	0	0	0	0	0	0	0	0	0	0	0	0	0	0	0	1	0	0	0	0	0	0	0	0	0	0	0	0	0	0	0	0	0	0	0	0	0	1	1	1	0	0	0	0	0	0	0	0	0	0	0	0	0	0	0	0	0	0	0	0	0	0	0	0	0	0	0	0	0	0	0	0	0	0	0	0	0	0	0	0	0	0	0	0	0	0	0	0	0	0	0	0	0	0	0	0	0	0	0	0	0	0	0	0	0	0	0	0	0	0	0	0	0	0	0	0	0	0	0	0	0	0	0	0	0	0	0	0	0	0	0	0	0	0	0	0	0	0	0	0	0	0	0	0	0	0	0	0	0	0	0	0	0	0	0	0	0	0	0	0	0	1	1
"<http://dbpedia.org/resource/Bo_Diddley> <http://dbpedia.org/ontology/instrument> <http://dbpedia.org/resource/Violin> ."	true	0	1	1	0	0	0	0	0	0	0	1	0	0	0	0	0	0	0	0	0	0	0	0	0	0	0	0	0	0	0	0	0	0	0	0	0	0	0	0	0	0	0	0	0	0	0	0	0	0	0	0	0	0	0	0	0	0	0	0	0	0	0	0	0	0	0	0	0	0	0	0	0	0	0	0	0	0	0	1	0	0	0	0	0	0	0	0	0	0	0	0	0	0	0	0	0	0	0	0	0	0	0	0	0	0	0	0	0	0	0	0	0	0	0	0	0	0	0	0	0	0	0	0	0	0	0	0	0	0	0	0	0	0	0	0	0	0	0	0	0	0	0	0	0	0	0	0	0	0	0	0	0	0	0	0	0	0	0	0	0	0	0	0	0	0	0	0	0	0	0	0	0	0
"<http://dbpedia.org/resource/The_World_Factbook> <http://dbpedia.org/ontology/language> <http://dbpedia.org/resource/English_language> ."	true	0	0	0	0	0	0	0	0	1	0	0	0	0	0	0	0	0	0	0	0	0	0	0	0	0	0	0	0	0	0	0	0	0	0	0	0	0	0	0	0	0	0	0	0	0	0	0	0	0	0	0	0	0	0	0	0	0	0	0	0	0	0	0	0	0	0	0	0	0	0	0	0	0	0	0	0	0	0	0	0	0	0	0	0	0	0	0	0	0	0	0	0	0	0	0	0	0	0	0	0	0	0	0	0	0	0	0	0	0	0	0	0	0	0	0	0	0	0	0	0	1	0	0	0	0	0	0	0	0	0	1	1	0	0	0	0	0	0	0	0	0	0	0	0	0	0	0	0	0	0	0	0	0	0	0	0	0	0	0	0	0	0	0	0	0	0	0	0	0	0	0	0	0
"<http://dbpedia.org/resource/Chondrichthyes> <http://dbpedia.org/ontology/phylum> <http://dbpedia.org/resource/Gnathostomata> ."	false	0	0	0	0	0	0	0	0	0	0	0	0	0	0	0	0	0	0	0	0	1	1	0	0	0	0	0	0	0	0	0	0	0	0	0	0	0	0	0	0	0	0	0	0	0	0	0	0	0	0	0	0	0	0	0	0	0	0	0	0	0	0	0	0	0	0	0	0	0	0	0	0	0	0	0	0	0	0	0	0	0	0	0	0	0	0	0	0	0	0	0	0	0	0	0	0	0	0	0	0	0	0	0	0	0	0	0	0	0	0	0	0	0	0	0	0	0	0	0	0	0	0	0	0	0	0	0	0	0	0	0	0	0	0	0	0	0	0	0	0	0	0	0	0	0	0	0	0	0	1	0	0	0	0	0	0	0	0	0	0	0	0	0	0	0	0	0	0	0	0	0	0	0	1
"<http://dbpedia.org/resource/Crouching_Tiger,_Hidden_Dragon> <http://dbpedia.org/ontology/director> <http://dbpedia.org/resource/Ang_Lee> ."	true	0	0	0	0	0	0	0	0	0	0	0	0	0	0	0	0	0	0	0	0	0	0	0	0	0	0	0	0	0	0	0	0	0	0	0	0	0	0	0	0	0	0	0	0	0	0	0	0	0	0	0	0	0	0	0	0	0	0	0	0	0	0	0	0	0	0	0	0	0	0	0	0	0	0	0	0	0	0	0	0	0	0	0	0	0	0	0	0	0	0	0	0	0	0	0	0	0	0	0	0	0	0	0	0	0	0	0	0	0	0	0	0	0	0	0	0	0	0	0	0	1	0	0	0	0	0	0	0	0	0	0	0	0	0	0	0	0	0	0	0	0	0	0	0	0	0	0	0	0	0	0	0	0	0	0	0	0	0	0	0	0	0	0	0	0	0	0	0	0	0	0	0	0	0	1	1	1	1
"<http://dbpedia.org/resource/Comoros> <http://dbpedia.org/ontology/leaderName> <http://dbpedia.org/resource/Ikililou_Dhoinine> ."	true	0	0	0	0	1	1	1	1	0	0	0	0	0	0	0	0	0	0	0	0	0	0	0	0	0	0	0	0	0	0	0	0	0	0	0	0	0	0	0	0	0	0	0	0	0	0	0	0	0	0	0	0	0	0	0	0	0	0	0	0	0	0	0	0	0	0	0	0	0	0	0	0	0	0	0	0	0	0	0	0	0	0	0	0	0	0	0	0	0	0	0	0	0	0	0	0	0	0	0	0	0	0	0	0	0	0	0	0	0	0	0	0	0	0	0	0	0	0	0	0	0	0	0	0	0	0	0	0	0	0	0	0	0	0	0	0	0	0	0	0	0	0	0	0	0	0	0	0	0	0	0	0	0	0	0	0	0	0	0	0	0	0	0	0	0	0	0	0	0	0	0	0	0	0	0	0	0	0	1	1	1
"<http://dbpedia.org/resource/Cameroon> <http://dbpedia.org/ontology/language> <http://dbpedia.org/resource/French_language> ."	true	0	0	0	0	1	1	1	1	1	0	0	0	0	0	0	0	0	0	0	0	0	0	0	0	0	0	0	0	0	0	0	0	0	0	0	0	0	0	0	0	0	0	0	0	0	0	0	0	0	0	0	0	0	0	0	0	0	0	0	0	0	0	0	0	0	0	0	0	0	0	0	0	0	0	0	0	0	0	0	0	0	0	0	0	0	0	0	0	0	0	0	0	0	0	0	0	0	0	0	0	0	0	0	0	0	0	0	0	0	0	0	0	0	0	0	0	0	0	0	0	0	0	0	0	0	0	0	0	0	0	0	0	0	0	0	0	0	0	0	0	0	0	0	0	0	0	0	0	0	0	0	0	0	0	0	0	0	0	0	0	0	0	0	0	0	0	0	0	0	0	0	0	0	0	0	0	0	0	0	0	0
"<http://dbpedia.org/resource/Cypress_Hill> <http://dbpedia.org/ontology/genre> <http://dbpedia.org/resource/Rap_rock> ."	true	0	0	1	0	0	0	0	0	0	0	0	0	0	0	0	0	0	0	0	0	0	0	0	0	0	0	0	0	0	0	0	0	0	0	0	0	0	0	0	0	0	0	0	0	0	0	0	0	0	0	0	0	0	0	0	0	1	0	0	0	0	0	0	0	0	0	0	0	0	0	0	0	0	0	0	0	0	0	0	0	0	0	0	0	0	0	0	0	0	0	0	0	0	0	0	0	0	0	0	0	0	0	0	0	0	0	0	0	0	0	0	0	0	0	0	0	0	0	0	0	0	1	0	0	0	0	0	0	0	0	0	0	0	0	0	0	0	0	0	0	0	0	0	0	0	0	0	0	0	0	1	1	1	0	0	0	0	0	0	0	0	0	0	0	0	0	0	0	0	0	0	0	0	0	0	0	0	0	0	0	0
"<http://dbpedia.org/resource/Courtney_Love> <http://dbpedia.org/ontology/recordLabel> <http://dbpedia.org/resource/DGC_Records> ."	true	0	1	1	0	0	0	0	0	0	0	1	0	0	0	0	0	0	0	0	0	0	0	0	0	0	0	0	0	0	0	0	0	0	0	0	0	0	0	0	0	0	0	0	0	0	0	0	0	0	0	0	0	0	0	0	0	0	0	0	0	0	0	0	0	0	0	0	0	0	0	0	0	0	0	0	0	0	0	1	0	0	0	0	0	0	0	0	0	0	0	0	0	0	0	0	0	0	0	0	0	0	0	0	0	0	0	0	0	0	0	0	0	0	0	0	1	1	1	1	0	0	0	0	0	0	0	0	0	0	0	0	0	0	0	0	0	0	0	0	0	0	0	0	0	0	0	0	0	0	0	0	0	0	0	0	0	0	0	0	0	0	0	0	0	0	0	0	0	0	0	0	0	0	0	0	0	0	0	0	0	0
"<http://dbpedia.org/resource/Claude_Shannon> <http://dbpedia.org/ontology/field> <http://dbpedia.org/resource/Mathematics> ."	true	0	1	1	0	0	0	0	0	0	0	0	0	0	0	0	0	0	0	0	0	0	0	0	0	0	1	0	0	0	0	0	0	0	0	0	0	0	0	0	0	0	0	0	0	0	0	0	0	0	0	0	0	0	0	0	0	0	0	0	0	0	0	0	0	0	0	0	0	0	0	0	0	0	0	0	0	0	0	0	0	0	0	0	0	0	0	0	0	0	0	0	0	0	0	0	0	0	0	0	0	0	0	0	0	0	0	0	0	0	0	0	0	0	0	0	0	0	0	0	0	0	0	0	0	0	0	0	0	0	0	0	0	0	0	0	0	0	0	0	0	0	0	0	0	0	0	0	0	0	0	0	0	0	0	0	0	0	0	0	0	0	0	0	0	0	0	0	0	0	0	0	0	0	0	0	0	0	0	0	0	0
"<http://dbpedia.org/resource/Chuck_D> <http://dbpedia.org/ontology/associatedBand> <http://dbpedia.org/resource/Rage_Against_the_Machine> ."	true	0	1	1	0	0	0	0	0	0	0	1	0	0	0	0	0	0	0	0	0	0	0	0	0	0	0	0	0	0	0	0	0	0	0	0	0	0	0	0	0	0	0	0	0	0	0	0	0	0	0	0	0	0	0	0	0	0	0	0	0	0	0	0	0	0	0	0	0	0	0	0	0	0	0	0	0	0	0	1	0	0	0	0	0	0	0	0	0	0	0	0	0	0	0	0	0	0	0	0	0	0	0	0	0	0	0	0	0	0	0	0	0	0	0	0	0	0	0	0	0	0	0	0	0	0	0	0	0	0	0	0	0	0	0	0	0	0	0	0	0	0	0	0	0	0	1	1	1	0	0	0	0	0	0	0	0	0	0	0	0	0	0	0	0	0	0	0	0	0	0	0	0	0	0	0	0	0	0	0	0	0
"<http://dbpedia.org/resource/C._S._Lewis> <http://dbpedia.org/ontology/notableWork> <http://dbpedia.org/resource/Mere_Christianity> ."	true	0	1	1	0	0	0	0	0	0	1	1	0	0	0	0	0	0	0	0	0	0	0	0	0	0	0	0	0	0	0	1	1	1	0	0	0	0	0	0	0	0	0	0	0	0	0	0	0	0	0	0	0	0	0	0	0	0	0	0	0	0	0	0	0	0	0	0	0	0	0	0	0	0	0	0	0	0	0	0	0	0	0	0	0	0	0	0	0	0	0	0	0	0	0	0	0	0	0	0	0	0	0	0	0	0	0	0	0	0	0	0	0	0	0	0	0	0	0	0	0	0	0	0	0	0	0	0	0	0	0	0	0	0	0	0	0	0	0	0	0	0	0	0	0	0	0	0	0	0	0	0	0	0	0	0	0	0	0	0	0	0	0	0	0	0	0	0	0	0	0	0	0	0	0	0	0	0	0	0	0	0
"<http://dbpedia.org/resource/Canada_Day> <http://dbpedia.org/ontology/country> <http://dbpedia.org/resource/Canadians> ."	true	0	0	0	0	0	0	0	0	0	0	0	0	0	0	0	0	0	0	0	0	0	0	0	0	0	0	0	0	0	0	0	0	0	0	0	0	0	0	0	0	0	0	0	0	0	0	0	0	0	0	0	0	0	0	0	0	0	0	0	0	0	0	0	0	0	0	0	0	0	0	0	0	0	0	0	0	0	0	0	0	0	0	0	0	0	0	0	0	0	0	0	0	0	0	0	0	0	0	0	0	0	0	0	0	0	0	0	0	0	0	0	0	0	0	0	0	0	0	0	0	0	0	0	0	0	0	0	0	0	0	0	0	0	0	0	0	0	0	0	0	0	0	0	0	0	0	0	0	0	0	0	0	0	0	0	0	0	0	0	0	0	0	0	0	0	0	0	0	0	0	0	0	0	0	0	0	0	0	0	0	0	1	1
"<http://dbpedia.org/resource/Cheers> <http://dbpedia.org/ontology/format> <http://dbpedia.org/resource/Dolby_Surround> ."	true	0	0	0	0	0	0	0	0	0	0	0	0	0	0	0	0	0	0	0	0	0	0	0	0	0	0	0	0	0	0	0	0	0	0	0	0	0	0	0	0	0	0	0	0	0	0	0	0	0	0	0	0	0	0	0	0	0	0	0	0	0	0	0	0	0	0	0	0	0	0	0	0	0	0	0	0	0	0	0	0	0	0	0	0	0	0	0	0	0	0	0	0	0	0	0	0	0	0	0	0	0	0	0	0	0	0	0	0	0	0	0	0	0	0	0	0	0	0	0	1	1	0	0	0	0	0	0	0	0	0	0	0	0	0	0	0	0	0	0	0	0	0	0	0	0	0	0	0	0	0	0	0	0	0	0	0	0	0	0	0	0	0	0	0	0	0	0	0	0	0	0	0	0	0	0	0	0	0	0	0	0	0	0
"<http://dbpedia.org/resource/Cicero> <http://dbpedia.org/ontology/birthPlace> <http://dbpedia.org/resource/Arpino> ."	true	0	1	1	0	0	0	0	0	0	1	1	0	0	0	0	0	1	1	1	0	0	0	0	0	0	0	0	0	0	0	0	0	0	0	0	0	0	0	0	0	0	0	0	0	0	0	0	0	0	0	0	0	0	0	1	0	0	0	0	0	0	0	0	0	0	0	0	0	0	0	0	0	0	0	0	0	0	0	0	0	0	0	0	0	0	0	0	0	0	0	0	0	0	0	0	0	0	0	0	0	0	0	0	0	0	0	0	0	0	0	0	0	0	0	0	0	0	0	0	0	0	0	0	0	0	0	0	0	0	0	0	0	0	0	0	0	0	0	0	0	0	0	0	0	0	0	0	0	0	0	0	0	0	0	0	0	0	0	0	0	0	0	0	0	0	0	0	0	0	0	0	0	0	0	0	0	0	0	0	0	0	0	0
"<http://dbpedia.org/resource/Colorado_Springs,_Colorado> <http://dbpedia.org/ontology/isPartOf> <http://dbpedia.org/resource/Colorado> ."	true	0	0	0	0	0	1	1	1	0	0	0	0	0	0	0	0	0	0	0	0	0	0	0	0	0	0	0	0	0	0	0	0	0	0	0	0	0	0	0	0	0	0	0	0	0	0	0	0	0	0	0	0	0	0	0	0	0	0	0	0	0	0	0	0	0	0	0	0	0	0	0	0	0	0	0	0	0	0	0	0	0	0	0	0	0	0	0	0	0	1	0	0	0	0	0	0	0	0	0	0	0	0	0	0	0	0	0	0	0	0	0	1	0	0	0	0	0	0	0	0	0	0	0	0	0	0	0	0	0	0	0	0	0	0	0	0	0	0	0	0	0	0	0	0	0	0	0	0	0	0	0	0	0	0	0	0	0	0	0	0	0	0	0	0	0	0	0	0	0	0	0	0	0	0	0	0	0	0	0	0	0	0	0	1	1	1	1	1
"<http://dbpedia.org/resource/Columbia_University> <http://dbpedia.org/ontology/chairman> <http://dbpedia.org/resource/William_Campbell_(business_executive)> ."	true	0	0	1	0	0	0	0	0	0	0	0	0	0	0	0	0	0	0	0	0	0	0	0	0	0	0	0	0	0	0	0	0	0	0	0	0	0	0	0	0	0	0	0	0	0	0	0	0	0	0	0	0	0	0	0	0	1	0	0	0	0	0	0	0	0	0	0	0	0	0	0	0	0	0	0	0	0	0	0	0	0	0	0	0	0	0	0	0	0	0	0	0	0	0	0	0	0	0	0	0	0	0	0	0	0	0	0	0	0	0	0	0	0	0	0	0	0	0	0	0	0	0	0	0	0	0	0	0	0	0	0	0	0	0	0	0	0	0	0	0	0	0	0	0	0	0	0	0	0	0	0	0	0	0	0	0	0	0	0	0	0	0	0	0	0	0	0	0	0	0	0	0	0	0	0	0	0	0	0	0	0	0	0	0	0	0	0	0	1	1	1	1
"<http://dbpedia.org/resource/Charles_Martel> <http://dbpedia.org/ontology/restingPlace> <http://dbpedia.org/resource/Basilica_of_St_Denis> ."	true	0	1	1	0	0	0	0	0	0	0	0	0	0	0	0	0	0	0	0	0	0	0	0	0	0	0	0	0	0	0	0	0	0	0	0	0	0	0	0	1	1	0	0	0	0	0	0	0	0	0	0	0	0	0	0	0	0	0	0	0	0	0	0	0	0	0	0	0	0	0	0	0	0	0	0	0	0	0	0	0	0	0	0	0	0	0	0	0	0	0	0	0	0	0	0	0	0	0	0	0	0	0	0	0	0	0	0	0	0	0	0	0	0	0	0	0	0	0	0	0	0	0	0	0	0	0	0	0	0	0	0	0	0	0	0	0	0	0	0	0	0	0	0	0	0	0	0	0	0	0	0	0	0	0	0	0	0	0	0	0	0	0	0	0	0	0	0	0	0	0	0	0	0	0	0	0	0	0	0	0	0	0	0	0	0	0	0	0	0	0	0	0	1	1	1	1	1
"<http://dbpedia.org/resource/Cessna> <http://dbpedia.org/ontology/keyPerson> <http://dbpedia.org/resource/Scott_A._Ernest> ."	true	0	0	1	0	0	0	0	0	0	0	0	0	0	0	0	0	0	0	0	0	0	0	0	0	0	0	0	0	0	0	0	0	0	0	0	0	0	0	0	0	0	0	0	0	0	0	0	0	0	0	0	0	0	0	0	1	1	0	0	0	0	0	0	0	0	0	0	0	0	0	0	0	0	0	0	0	0	0	0	0	0	0	0	0	0	0	0	0	0	0	0	0	0	0	0	0	0	0	0	0	0	0	0	0	0	0	0	0	0	0	0	0	0	0	0	0	0	0	0	0	0	0	0	0	0	0	0	0	0	0	0	0	0	0	0	0	0	0	0	0	0	0	0	0	0	0	0	0	0	0	0	0	0	0	0	0	0	0	0	0	0	0	0	0	0	0	0	0	0	0	0	0	0	0	0	0	0	0	0	0	0	0	0	0	0	0	0	0	0	0	0	0	0	0	0	0	0
"<http://dbpedia.org/resource/Yangtze_River> <http://dbpedia.org/ontology/rightTributary> <http://dbpedia.org/resource/Yuan_River> ."	true	0	0	0	0	0	0	0	0	0	0	0	0	0	0	0	0	0	0	0	0	0	0	0	0	0	0	0	0	0	0	0	0	0	0	0	0	0	0	0	0	0	0	0	0	0	0	0	0	0	0	0	0	0	0	0	0	0	0	0	0	0	0	0	0	0	0	0	0	0	0	0	0	0	0	0	0	0	0	0	0	0	0	0	0	0	0	0	0	0	0	0	0	0	0	0	0	0	0	0	0	0	0	0	0	0	0	0	0	0	0	0	0	0	0	0	0	0	0	0	0	0	0	0	0	0	0	0	0	0	0	0	0	0	0	0	0	0	0	0	0	0	0	0	0	0	0	0	0	0	0	0	0	0	0	0	0	0	0	0	0	0	0	0	0	0	0	0	0	0	0	0	0	0	0	0	0	0	0	0	0	0	0	0	0	0	0	0	0	0	0	0	0	0	0	0	0	0
"<http://dbpedia.org/resource/Cane_toad> <http://dbpedia.org/ontology/kingdom> <http://dbpedia.org/resource/Animal> ."	false	0	0	0	0	0	0	0	0	0	0	0	0	0	0	0	0	0	0	0	0	1	1	0	0	0	0	0	0	0	0	0	0	0	0	0	0	0	0	0	0	0	0	0	0	0	0	0	0	0	0	0	0	0	0	0	0	0	0	0	0	0	0	0	0	0	0	0	0	0	0	0	0	0	0	0	0	0	0	0	0	0	0	0	0	0	0	0	0	0	0	0	0	0	0	0	0	0	0	0	0	0	0	0	0	0	0	0	0	0	0	0	0	0	0	0	0	0	0	0	0	0	0	0	0	0	0	0	0	0	0	0	0	0	0	0	0	0	0	0	0	0	0	0	0	0	0	0	0	0	1	0	0	0	0	0	0	0	0	0	0	0	0	0	0	0	0	0	0	0	0	0	0	0	0	0	0	0	0	0	0	0	0	0	0	0	0	0	0	0	0	0	0	0	0	0	0	0	1	1	1	1
"<http://dbpedia.org/resource/Clyde_Tombaugh> <http://dbpedia.org/ontology/nationality> <http://dbpedia.org/resource/United_States> ."	true	0	1	1	0	0	0	0	0	0	0	0	0	0	0	0	0	0	0	0	0	0	0	0	0	0	0	0	0	0	0	0	0	0	0	0	0	0	0	0	0	0	0	0	0	0	0	0	0	0	0	0	0	0	0	0	0	0	0	0	0	0	0	0	0	0	0	0	0	0	0	0	0	0	0	0	0	0	0	0	0	0	0	0	0	0	0	0	0	0	0	0	0	0	0	0	0	0	0	0	0	0	0	0	0	0	0	0	0	0	0	0	0	0	0	0	0	0	0	0	0	0	0	0	0	0	0	0	0	0	0	0	0	0	0	0	0	0	0	0	0	0	0	0	0	0	0	0	0	0	0	0	0	0	0	0	0	0	0	0	0	0	0	0	0	0	0	0	0	0	0	0	0	0	0	0	0	0	0	0	0	0	0	0	0	0	0	0	0	0	0	0	0	0	0	0	0	0	0	0	0	0	1	1	1	1
"<http://dbpedia.org/resource/Charlton_Athletic_F.C.__Tom_Derry__1> <http://dbpedia.org/ontology/team> <http://dbpedia.org/resource/Charlton_Athletic_F.C.> ."	false	0	0	0	0	0	0	0	0	0	0	0	0	0	0	0	0	0	0	0	0	0	0	0	0	0	0	0	0	0	0	0	0	0	0	0	0	0	0	0	0	0	0	0	0	0	0	0	0	0	0	0	0	0	0	0	0	0	0	0	0	0	0	0	0	0	0	0	0	0	1	1	1	1	0	0	0	0	0	0	0	0	0	0	0	0	0	0	0	0	0	0	0	0	0	0	0	0	0	0	0	0	0	0	0	0	0	0	0	0	0	0	0	0	0	0	0	0	0	0	0	0	0	0	0	0	0	0	0	0	0	0	0	0	0	0	0	0	0	0	0	0	0	0	0	0	0	0	0	0	0	0	0	0	0	0	0	0	0	0	0	0	0	0	0	0	0	0	0	0	0	0	0	0	0	0	0	0	0	0	0	0	0	0	0	0	0	0	0	0	0	0	0	0	0	0	0	0	0	0	0	0	0	0	0	0
"<http://dbpedia.org/resource/Cuban_missile_crisis> <http://dbpedia.org/ontology/commander> <http://dbpedia.org/resource/Rodion_Malinovsky> ."	false	0	0	0	0	0	0	0	0	0	0	0	0	0	0	0	0	0	0	0	0	0	0	0	0	0	0	0	0	0	0	0	0	0	0	0	0	0	0	0	0	0	0	0	0	0	0	0	0	0	0	0	0	0	0	0	0	0	0	0	0	0	0	0	0	0	0	0	0	0	0	0	0	0	0	0	0	0	0	0	0	0	0	0	0	0	0	0	0	0	0	0	0	0	0	0	0	0	0	0	0	0	0	0	0	0	0	0	0	0	0	0	0	0	0	0	0	0	0	0	0	0	0	0	0	0	0	0	0	0	0	0	0	0	0	0	0	0	0	0	0	0	0	0	0	0	0	0	0	0	0	0	0	0	0	0	0	0	0	0	0	0	0	0	0	0	1	1	1	0	1	1	0	0	0	0	0	0	0	0	0	0	0	0	0	0	0	0	0	0	0	0	0	0	0	0	0	0	0	0	0	0	0	0	0	0	1
"<http://dbpedia.org/resource/Chiang_Kai-shek> <http://dbpedia.org/ontology/child> <http://dbpedia.org/resource/Chiang_Wei-kuo> ."	true	0	1	1	0	0	0	0	0	0	0	0	0	0	0	0	0	0	0	0	0	0	0	0	0	0	0	0	0	0	0	0	0	0	0	0	0	0	0	0	0	0	0	0	0	0	0	0	0	0	0	0	0	0	0	0	0	0	0	0	0	0	0	0	0	0	0	0	0	0	0	0	0	0	0	0	0	0	0	0	0	0	0	0	0	0	0	0	0	0	0	0	0	0	0	0	0	0	0	0	0	0	0	0	0	0	0	0	0	0	0	0	0	1	1	0	0	0	0	0	0	0	0	0	0	0	0	0	0	0	0	0	0	0	0	0	0	0	0	0	0	0	0	0	0	0	0	0	0	0	0	0	0	0	0	0	0	0	0	0	0	0	0	0	0	0	0	0	0	0	0	0	0	0	0	0	0	0	0	0	0	0	0	0	0	0	0	0	0	0	0	0	0	0	0	0	0	0	0	0	0	0	0	0	0	0	0	1	1	1
"<http://dbpedia.org/resource/A.C._ChievoVerona__Paul_Papp__1> <http://dbpedia.org/ontology/currentMember> <http://dbpedia.org/resource/Paul_Papp> ."	true	0	0	0	0	0	0	0	0	0	0	0	0	0	0	0	0	0	0	0	0	0	0	0	0	0	0	0	0	0	0	0	0	0	0	0	0	0	0	0	0	0	0	0	0	0	0	0	0	0	0	0	0	0	0	0	0	0	0	0	0	0	0	0	0	0	0	0	0	0	0	0	0	0	1	1	1	1	0	0	0	0	0	0	0	0	0	0	0	0	0	0	0	0	0	0	0	0	0	0	0	0	0	0	0	0	0	0	0	0	0	0	0	0	0	0	0	0	0	0	0	0	0	0	0	0	0	0	0	0	0	0	0	0	0	0	0	0	0	0	0	0	0	0	0	0	0	0	0	0	0	0	0	0	0	0	0	0	0	0	0	0	0	0	0	0	0	0	0	0	0	0	0	0	0	0	0	0	0	0	0	0	0	0	0	0	0	0	0	0	0	0	0	0	0	0	0	0	0	0	0	0	0	0	0	0	0	0	0	0
"<http://dbpedia.org/resource/Catherine_of_Aragon> <http://dbpedia.org/ontology/parent> <http://dbpedia.org/resource/Isabella_I_of_Castile> ."	true	0	1	1	0	0	0	0	0	0	0	0	0	0	0	0	0	0	0	0	0	0	0	0	0	0	0	0	0	0	0	0	0	0	0	0	0	0	0	0	1	1	0	0	0	0	0	0	0	0	0	0	0	0	0	0	0	0	0	0	0	0	0	0	0	0	0	0	0	0	0	0	0	0	0	0	0	0	0	0	0	0	0	0	0	0	0	0	0	0	0	0	0	0	0	0	0	0	0	0	0	0	0	0	0	0	0	0	0	0	0	0	0	0	0	0	0	0	0	0	0	0	0	0	0	0	0	0	0	0	0	0	0	0	0	0	0	0	0	0	0	0	0	0	0	0	0	0	0	0	0	0	0	0	0	0	0	0	0	0	0	0	0	0	0	0	0	0	0	0	0	0	0	0	0	0	0	0	0	0	0	0	0	0	0	0	0	0	0	0	0	0	0	0	0	0	0	0	0	0	0	0	0	0	0	0	0	0	0	0	1	1	1	1
"<http://dbpedia.org/resource/Beetle> <http://dbpedia.org/ontology/kingdom> <http://dbpedia.org/resource/Animal> ."	false	0	0	0	0	0	0	0	0	0	0	0	0	0	0	0	0	0	0	0	0	1	1	0	0	0	0	0	0	0	0	0	0	0	0	0	0	0	0	0	0	0	0	0	0	0	0	0	0	0	0	0	0	0	0	0	0	0	0	0	0	0	0	0	0	0	0	0	0	0	0	0	0	0	0	0	0	0	0	0	0	0	0	0	0	0	0	0	0	0	0	0	0	0	0	0	0	0	0	0	0	0	0	0	0	0	0	0	0	0	0	0	0	0	0	0	0	0	0	0	0	0	0	0	0	0	0	0	0	0	0	0	0	0	0	0	0	0	0	0	0	0	0	0	0	0	0	0	0	0	1	0	0	0	0	0	0	0	0	0	0	0	0	0	0	0	0	0	0	0	0	0	0	0	0	0	0	0	0	0	0	0	0	0	0	0	0	0	0	0	0	0	0	0	0	0	0	0	0	1	1	1	0	0	0	0	0	0	0	0	0	0	0	0	1
"<http://dbpedia.org/resource/Charles_Messier> <http://dbpedia.org/ontology/birthPlace> <http://dbpedia.org/resource/Badonviller> ."	true	0	1	1	0	0	0	0	0	0	0	0	0	0	0	0	0	1	1	1	0	0	0	0	0	0	1	0	0	0	0	0	0	0	0	0	0	0	0	0	0	0	0	0	0	0	0	0	0	0	0	0	0	0	0	1	0	0	0	0	0	0	0	0	0	0	0	0	0	0	0	0	0	0	0	0	0	0	0	0	0	0	0	0	0	0	0	0	0	0	0	0	0	0	0	0	0	0	0	0	0	0	0	0	0	0	0	0	0	0	0	0	0	0	0	0	0	0	0	0	0	0	0	0	0	0	0	0	0	0	0	0	0	0	0	0	0	0	0	0	0	0	0	0	0	0	0	0	0	0	0	0	0	0	0	0	0	0	0	0	0	0	0	0	0	0	0	0	0	0	0	0	0	0	0	0	0	0	0	0	0	0	0	0	0	0	0	0	0	0	0	0	0	0	0	0	0	0	0	0	0	0	0	0	0	0	0	0	0	0	0	0	0	0	0
"<http://dbpedia.org/resource/Cowboy_Bebop__manga__1> <http://dbpedia.org/ontology/publisher> <http://dbpedia.org/resource/Kadokawa_Shoten> ."	true	0	0	0	0	0	0	0	0	0	0	0	0	0	0	0	0	0	0	0	0	0	0	0	0	0	0	0	0	0	0	0	0	0	0	0	0	0	0	0	0	0	0	0	0	0	0	0	0	0	0	0	0	0	0	0	0	0	0	0	0	0	0	0	0	0	0	0	0	0	0	0	0	0	0	0	0	0	0	0	0	0	0	0	0	0	0	0	0	0	0	0	0	0	0	0	0	0	0	0	0	0	0	0	0	0	0	0	0	0	0	0	0	0	0	0	0	0	0	0	0	1	0	0	0	0	0	0	0	0	0	0	1	1	1	1	1	0	0	0	0	0	0	0	0	0	0	0	0	0	0	0	0	0	0	0	0	0	0	0	0	0	0	0	0	0	0	0	0	0	0	0	0	0	0	0	0	0	0	0	0	0	0	0	0	0	0	0	0	0	0	0	0	0	0	0	0	0	0	0	0	0	0	0	0	0	0	0	0	0	0	0	0	0	0	1	1
"<http://dbpedia.org/resource/Carlo_Collodi> <http://dbpedia.org/ontology/birthPlace> <http://dbpedia.org/resource/Florence> ."	true	0	1	1	0	0	0	0	0	0	1	1	0	0	0	0	0	1	1	1	0	0	0	0	0	0	0	0	0	0	0	0	0	0	0	0	0	0	0	0	0	0	0	0	0	0	0	0	0	0	0	0	0	0	0	1	0	0	0	0	0	0	0	0	0	0	0	0	0	0	0	0	0	0	0	0	0	0	0	0	0	0	0	0	0	0	0	0	0	0	0	0	0	0	0	0	0	0	0	0	0	0	0	0	0	0	0	0	0	0	0	0	0	0	0	0	0	0	0	0	0	0	0	0	0	0	0	0	0	0	0	0	0	0	0	0	0	0	0	0	0	0	0	0	0	0	0	0	0	0	0	0	0	0	0	0	0	0	0	0	0	0	0	0	0	0	0	0	0	0	0	0	0	0	0	0	0	0	0	0	0	0	0	0	0	0	0	0	0	0	0	0	0	0	0	0	0	0	0	0	0	0	0	0	0	0	0	0	0	0	0	0	0	0	0	0	0
"<http://dbpedia.org/resource/Clive_Anderson> <http://dbpedia.org/ontology/occupation> <http://dbpedia.org/resource/Clive_Anderson__1> ."	true	0	1	1	0	0	0	0	0	0	0	0	0	0	0	0	0	0	0	0	0	0	0	0	0	0	0	0	0	0	0	0	0	0	0	0	0	0	0	0	0	0	0	0	0	0	0	0	0	0	0	0	0	0	0	0	0	0	0	0	0	0	0	0	0	0	0	0	0	0	0	0	0	0	0	0	0	0	0	0	0	0	0	0	0	0	0	0	0	0	0	0	0	0	0	0	0	0	0	0	0	0	0	0	0	0	0	0	1	0	0	0	0	0	0	0	0	0	0	0	0	0	0	0	0	0	0	0	0	0	0	0	0	0	0	0	0	0	0	0	0	0	0	0	0	0	0	0	0	0	0	0	0	0	0	0	0	0	0	0	0	0	0	0	0	0	0	0	0	0	0	0	0	0	0	0	0	0	0	0	0	0	0	0	0	0	0	0	0	0	0	0	0	0	0	0	0	0	0	0	0	0	0	0	0	0	0	0	0	0	0	0	0	0	0	0	0
"<http://dbpedia.org/resource/Chelsea_F.C.__Oscar__1> <http://dbpedia.org/ontology/team> <http://dbpedia.org/resource/Chelsea_F.C.> ."	false	0	1	1	0	0	0	0	0	0	0	0	0	0	0	0	0	0	0	0	0	0	0	0	0	0	0	0	0	0	0	0	0	0	0	0	0	0	0	0	0	0	0	0	0	0	0	0	0	0	0	0	0	0	0	0	0	0	0	0	0	0	0	0	0	0	0	0	1	1	1	1	1	1	0	0	0	0	0	0	0	0	0	0	0	0	0	0	0	0	0	0	0	0	0	0	0	0	0	0	0	0	0	0	0	0	0	0	0	0	0	0	0	0	0	0	0	0	0	0	0	0	0	0	0	0	0	0	0	0	0	0	0	0	0	0	0	0	0	0	0	0	0	0	0	0	0	0	0	0	0	0	0	0	0	0	0	0	0	0	0	0	0	0	0	0	0	0	0	0	0	0	0	0	0	0	0	0	0	0	0	0	0	0	0	0	0	0	0	0	0	0	0	0	0	0	0	0	0	0	0	0	0	0	0	0	0	0	0	0	0	0	0	0	0	0	0
"<http://dbpedia.org/resource/Chelsea_F.C.__Jeffrey_Bruma__1> <http://dbpedia.org/ontology/team> <http://dbpedia.org/resource/Chelsea_F.C.> ."	false	0	0	0	0	0	0	0	0	0	0	0	0	0	0	0	0	0	0	0	0	0	0	0	0	0	0	0	0	0	0	0	0	0	0	0	0	0	0	0	0	0	0	0	0	0	0	0	0	0	0	0	0	0	0	0	0	0	0	0	0	0	0	0	0	0	0	0	0	0	1	1	1	1	0	0	0	0	0	0	0	0	0	0	0	0	0	0	0	0	0	0	0	0	0	0	0	0	0	0	0	0	0	0	0	0	0	0	0	0	0	0	0	0	0	0	0	0	0	0	0	0	0	0	0	0	0	0	0	0	0	0	0	0	0	0	0	0	0	0	0	0	0	0	0	0	0	0	0	0	0	0	0	0	0	0	0	0	0	0	0	0	0	0	0	0	0	0	0	0	0	0	0	0	0	0	0	0	0	0	0	0	0	0	0	0	0	0	0	0	0	0	0	0	0	0	0	0	0	0	0	0	0	0	0	0	0	0	0	0	0	0	0	0	0	0	0
"<http://dbpedia.org/resource/Cem_Karaca> <http://dbpedia.org/ontology/instrument> <http://dbpedia.org/resource/Human_voice> ."	true	0	1	1	0	0	0	0	0	0	0	1	0	0	0	0	0	0	0	0	0	0	0	0	0	0	0	0	0	0	0	0	0	0	0	0	0	0	0	0	0	0	0	0	0	0	0	0	0	0	0	0	0	0	0	0	0	0	0	0	0	0	0	0	0	0	0	0	0	0	0	0	0	0	0	0	0	0	0	1	0	0	0	0	0	0	0	0	0	0	0	0	0	0	0	0	0	0	0	0	0	0	0	0	0	0	0	0	0	0	0	0	0	0	0	0	0	0	0	0	0	0	0	0	0	0	0	0	0	0	0	0	0	0	0	0	0	0	0	0	0	0	0	0	0	0	0	0	0	0	0	0	0	0	0	0	0	0	0	0	0	0	0	0	0	0	0	0	0	0	0	0	0	0	0	0	0	0	0	0	0	0	0	0	0	0	0	0	0	0	0	0	0	0	0	0	0	0	0	0	0	0	0	0	0	0	0	0	0	0	0	0	0	0	0	0	0
